application_id,brand_name,class_type,alcohol_content,proof,net_contents,bottler_producer,country_of_origin,government_warning,image_filename,expected_outcome
BATCH-COLA-2026-001,HIGHLAND RESERVE,KENTUCKY STRAIGHT BOURBON WHISKEY,45.0%,90,750 ML,"HIGHLAND DISTILLING CO., LOUISVILLE, KY",PRODUCT OF USA,"GOVERNMENT WARNING: (1) ACCORDING TO THE SURGEON GENERAL, WOMEN SHOULD NOT DRINK ALCOHOLIC BEVERAGES DURING PREGNANCY BECAUSE OF THE RISK OF BIRTH DEFECTS. (2) CONSUMPTION OF ALCOHOLIC BEVERAGES IMPAIRS YOUR ABILITY TO DRIVE A CAR OR OPERATE MACHINERY, AND MAY CAUSE HEALTH PROBLEMS.",whiskey_pass.png,PASS
BATCH-COLA-2026-002,CHATEAU BELLEVIEW,RED WINE,14.8%,N/A,750 ML,"BELLEVIEW VINEYARDS, NAPA, CA",PRODUCT OF USA,"GOVERNMENT WARNING: (1) ACCORDING TO THE SURGEON GENERAL, WOMEN SHOULD NOT DRINK ALCOHOLIC BEVERAGES DURING PREGNANCY BECAUSE OF THE RISK OF BIRTH DEFECTS. (2) CONSUMPTION OF ALCOHOLIC BEVERAGES IMPAIRS YOUR ABILITY TO DRIVE A CAR OR OPERATE MACHINERY, AND MAY CAUSE HEALTH PROBLEMS.",wine_reject.png,REJECT
BATCH-COLA-2026-003,EL TEQUILEÑO REPOSADO,TEQUILA REPOSADO,40.0%,80,750 ML,"AGAVE REAL S.A. DE C.V., JALISCO",PRODUCT OF MEXICO,"GOVERNMENT WARNING: (1) ACCORDING TO THE SURGEON GENERAL, WOMEN SHOULD NOT DRINK ALCOHOLIC BEVERAGES DURING PREGNANCY BECAUSE OF THE RISK OF BIRTH DEFECTS. (2) CONSUMPTION OF ALCOHOLIC BEVERAGES IMPAIRS YOUR ABILITY TO DRIVE A CAR OR OPERATE MACHINERY, AND MAY CAUSE HEALTH PROBLEMS.",tequila_review.png,NEEDS REVIEW
BATCH-COLA-2026-004,OAK & HOPS CRAFT IPA,BEER,6.5%,N/A,12 FL OZ,"OAK BREWING CO., PORTLAND, OR",PRODUCT OF USA,"GOVERNMENT WARNING: (1) ACCORDING TO THE SURGEON GENERAL, WOMEN SHOULD NOT DRINK ALCOHOLIC BEVERAGES DURING PREGNANCY BECAUSE OF THE RISK OF BIRTH DEFECTS. (2) CONSUMPTION OF ALCOHOLIC BEVERAGES IMPAIRS YOUR ABILITY TO DRIVE A CAR OR OPERATE MACHINERY, AND MAY CAUSE HEALTH PROBLEMS.",beer_reject.png,REJECT
BATCH-COLA-2026-005,HIGHLAND RESERVE,KENTUCKY STRAIGHT BOURBON WHISKEY,45.0%,90,750 ML,"HIGHLAND DISTILLING CO., LOUISVILLE, KY",PRODUCT OF USA,"GOVERNMENT WARNING: (1) ACCORDING TO THE SURGEON GENERAL, WOMEN SHOULD NOT DRINK ALCOHOLIC BEVERAGES DURING PREGNANCY BECAUSE OF THE RISK OF BIRTH DEFECTS. (2) CONSUMPTION OF ALCOHOLIC BEVERAGES IMPAIRS YOUR ABILITY TO DRIVE A CAR OR OPERATE MACHINERY, AND MAY CAUSE HEALTH PROBLEMS.",whiskey_pass.png,PASS
BATCH-COLA-2026-006,CHATEAU BELLEVIEW,RED WINE,14.8%,N/A,750 ML,"BELLEVIEW VINEYARDS, NAPA, CA",PRODUCT OF USA,"GOVERNMENT WARNING: (1) ACCORDING TO THE SURGEON GENERAL, WOMEN SHOULD NOT DRINK ALCOHOLIC BEVERAGES DURING PREGNANCY BECAUSE OF THE RISK OF BIRTH DEFECTS. (2) CONSUMPTION OF ALCOHOLIC BEVERAGES IMPAIRS YOUR ABILITY TO DRIVE A CAR OR OPERATE MACHINERY, AND MAY CAUSE HEALTH PROBLEMS.",wine_reject.png,REJECT
BATCH-COLA-2026-007,EL TEQUILEÑO REPOSADO,TEQUILA REPOSADO,40.0%,80,750 ML,"AGAVE REAL S.A. DE C.V., JALISCO",PRODUCT OF MEXICO,"GOVERNMENT WARNING: (1) ACCORDING TO THE SURGEON GENERAL, WOMEN SHOULD NOT DRINK ALCOHOLIC BEVERAGES DURING PREGNANCY BECAUSE OF THE RISK OF BIRTH DEFECTS. (2) CONSUMPTION OF ALCOHOLIC BEVERAGES IMPAIRS YOUR ABILITY TO DRIVE A CAR OR OPERATE MACHINERY, AND MAY CAUSE HEALTH PROBLEMS.",tequila_review.png,NEEDS REVIEW
BATCH-COLA-2026-008,OAK & HOPS CRAFT IPA,BEER,6.5%,N/A,12 FL OZ,"OAK BREWING CO., PORTLAND, OR",PRODUCT OF USA,"GOVERNMENT WARNING: (1) ACCORDING TO THE SURGEON GENERAL, WOMEN SHOULD NOT DRINK ALCOHOLIC BEVERAGES DURING PREGNANCY BECAUSE OF THE RISK OF BIRTH DEFECTS. (2) CONSUMPTION OF ALCOHOLIC BEVERAGES IMPAIRS YOUR ABILITY TO DRIVE A CAR OR OPERATE MACHINERY, AND MAY CAUSE HEALTH PROBLEMS.",beer_reject.png,REJECT
BATCH-COLA-2026-009,HIGHLAND RESERVE,KENTUCKY STRAIGHT BOURBON WHISKEY,45.0%,90,750 ML,"HIGHLAND DISTILLING CO., LOUISVILLE, KY",PRODUCT OF USA,"GOVERNMENT WARNING: (1) ACCORDING TO THE SURGEON GENERAL, WOMEN SHOULD NOT DRINK ALCOHOLIC BEVERAGES DURING PREGNANCY BECAUSE OF THE RISK OF BIRTH DEFECTS. (2) CONSUMPTION OF ALCOHOLIC BEVERAGES IMPAIRS YOUR ABILITY TO DRIVE A CAR OR OPERATE MACHINERY, AND MAY CAUSE HEALTH PROBLEMS.",whiskey_pass.png,PASS
BATCH-COLA-2026-010,CHATEAU BELLEVIEW,RED WINE,14.8%,N/A,750 ML,"BELLEVIEW VINEYARDS, NAPA, CA",PRODUCT OF USA,"GOVERNMENT WARNING: (1) ACCORDING TO THE SURGEON GENERAL, WOMEN SHOULD NOT DRINK ALCOHOLIC BEVERAGES DURING PREGNANCY BECAUSE OF THE RISK OF BIRTH DEFECTS. (2) CONSUMPTION OF ALCOHOLIC BEVERAGES IMPAIRS YOUR ABILITY TO DRIVE A CAR OR OPERATE MACHINERY, AND MAY CAUSE HEALTH PROBLEMS.",wine_reject.png,REJECT
BATCH-COLA-2026-011,EL TEQUILEÑO REPOSADO,TEQUILA REPOSADO,40.0%,80,750 ML,"AGAVE REAL S.A. DE C.V., JALISCO",PRODUCT OF MEXICO,"GOVERNMENT WARNING: (1) ACCORDING TO THE SURGEON GENERAL, WOMEN SHOULD NOT DRINK ALCOHOLIC BEVERAGES DURING PREGNANCY BECAUSE OF THE RISK OF BIRTH DEFECTS. (2) CONSUMPTION OF ALCOHOLIC BEVERAGES IMPAIRS YOUR ABILITY TO DRIVE A CAR OR OPERATE MACHINERY, AND MAY CAUSE HEALTH PROBLEMS.",tequila_review.png,NEEDS REVIEW
BATCH-COLA-2026-012,OAK & HOPS CRAFT IPA,BEER,6.5%,N/A,12 FL OZ,"OAK BREWING CO., PORTLAND, OR",PRODUCT OF USA,"GOVERNMENT WARNING: (1) ACCORDING TO THE SURGEON GENERAL, WOMEN SHOULD NOT DRINK ALCOHOLIC BEVERAGES DURING PREGNANCY BECAUSE OF THE RISK OF BIRTH DEFECTS. (2) CONSUMPTION OF ALCOHOLIC BEVERAGES IMPAIRS YOUR ABILITY TO DRIVE A CAR OR OPERATE MACHINERY, AND MAY CAUSE HEALTH PROBLEMS.",beer_reject.png,REJECT
BATCH-COLA-2026-013,HIGHLAND RESERVE,KENTUCKY STRAIGHT BOURBON WHISKEY,45.0%,90,750 ML,"HIGHLAND DISTILLING CO., LOUISVILLE, KY",PRODUCT OF USA,"GOVERNMENT WARNING: (1) ACCORDING TO THE SURGEON GENERAL, WOMEN SHOULD NOT DRINK ALCOHOLIC BEVERAGES DURING PREGNANCY BECAUSE OF THE RISK OF BIRTH DEFECTS. (2) CONSUMPTION OF ALCOHOLIC BEVERAGES IMPAIRS YOUR ABILITY TO DRIVE A CAR OR OPERATE MACHINERY, AND MAY CAUSE HEALTH PROBLEMS.",whiskey_pass.png,PASS
BATCH-COLA-2026-014,CHATEAU BELLEVIEW,RED WINE,14.8%,N/A,750 ML,"BELLEVIEW VINEYARDS, NAPA, CA",PRODUCT OF USA,"GOVERNMENT WARNING: (1) ACCORDING TO THE SURGEON GENERAL, WOMEN SHOULD NOT DRINK ALCOHOLIC BEVERAGES DURING PREGNANCY BECAUSE OF THE RISK OF BIRTH DEFECTS. (2) CONSUMPTION OF ALCOHOLIC BEVERAGES IMPAIRS YOUR ABILITY TO DRIVE A CAR OR OPERATE MACHINERY, AND MAY CAUSE HEALTH PROBLEMS.",wine_reject.png,REJECT
BATCH-COLA-2026-015,EL TEQUILEÑO REPOSADO,TEQUILA REPOSADO,40.0%,80,750 ML,"AGAVE REAL S.A. DE C.V., JALISCO",PRODUCT OF MEXICO,"GOVERNMENT WARNING: (1) ACCORDING TO THE SURGEON GENERAL, WOMEN SHOULD NOT DRINK ALCOHOLIC BEVERAGES DURING PREGNANCY BECAUSE OF THE RISK OF BIRTH DEFECTS. (2) CONSUMPTION OF ALCOHOLIC BEVERAGES IMPAIRS YOUR ABILITY TO DRIVE A CAR OR OPERATE MACHINERY, AND MAY CAUSE HEALTH PROBLEMS.",tequila_review.png,NEEDS REVIEW
BATCH-COLA-2026-016,OAK & HOPS CRAFT IPA,BEER,6.5%,N/A,12 FL OZ,"OAK BREWING CO., PORTLAND, OR",PRODUCT OF USA,"GOVERNMENT WARNING: (1) ACCORDING TO THE SURGEON GENERAL, WOMEN SHOULD NOT DRINK ALCOHOLIC BEVERAGES DURING PREGNANCY BECAUSE OF THE RISK OF BIRTH DEFECTS. (2) CONSUMPTION OF ALCOHOLIC BEVERAGES IMPAIRS YOUR ABILITY TO DRIVE A CAR OR OPERATE MACHINERY, AND MAY CAUSE HEALTH PROBLEMS.",beer_reject.png,REJECT
BATCH-COLA-2026-017,HIGHLAND RESERVE,KENTUCKY STRAIGHT BOURBON WHISKEY,45.0%,90,750 ML,"HIGHLAND DISTILLING CO., LOUISVILLE, KY",PRODUCT OF USA,"GOVERNMENT WARNING: (1) ACCORDING TO THE SURGEON GENERAL, WOMEN SHOULD NOT DRINK ALCOHOLIC BEVERAGES DURING PREGNANCY BECAUSE OF THE RISK OF BIRTH DEFECTS. (2) CONSUMPTION OF ALCOHOLIC BEVERAGES IMPAIRS YOUR ABILITY TO DRIVE A CAR OR OPERATE MACHINERY, AND MAY CAUSE HEALTH PROBLEMS.",whiskey_pass.png,PASS
BATCH-COLA-2026-018,CHATEAU BELLEVIEW,RED WINE,14.8%,N/A,750 ML,"BELLEVIEW VINEYARDS, NAPA, CA",PRODUCT OF USA,"GOVERNMENT WARNING: (1) ACCORDING TO THE SURGEON GENERAL, WOMEN SHOULD NOT DRINK ALCOHOLIC BEVERAGES DURING PREGNANCY BECAUSE OF THE RISK OF BIRTH DEFECTS. (2) CONSUMPTION OF ALCOHOLIC BEVERAGES IMPAIRS YOUR ABILITY TO DRIVE A CAR OR OPERATE MACHINERY, AND MAY CAUSE HEALTH PROBLEMS.",wine_reject.png,REJECT
BATCH-COLA-2026-019,EL TEQUILEÑO REPOSADO,TEQUILA REPOSADO,40.0%,80,750 ML,"AGAVE REAL S.A. DE C.V., JALISCO",PRODUCT OF MEXICO,"GOVERNMENT WARNING: (1) ACCORDING TO THE SURGEON GENERAL, WOMEN SHOULD NOT DRINK ALCOHOLIC BEVERAGES DURING PREGNANCY BECAUSE OF THE RISK OF BIRTH DEFECTS. (2) CONSUMPTION OF ALCOHOLIC BEVERAGES IMPAIRS YOUR ABILITY TO DRIVE A CAR OR OPERATE MACHINERY, AND MAY CAUSE HEALTH PROBLEMS.",tequila_review.png,NEEDS REVIEW
BATCH-COLA-2026-020,OAK & HOPS CRAFT IPA,BEER,6.5%,N/A,12 FL OZ,"OAK BREWING CO., PORTLAND, OR",PRODUCT OF USA,"GOVERNMENT WARNING: (1) ACCORDING TO THE SURGEON GENERAL, WOMEN SHOULD NOT DRINK ALCOHOLIC BEVERAGES DURING PREGNANCY BECAUSE OF THE RISK OF BIRTH DEFECTS. (2) CONSUMPTION OF ALCOHOLIC BEVERAGES IMPAIRS YOUR ABILITY TO DRIVE A CAR OR OPERATE MACHINERY, AND MAY CAUSE HEALTH PROBLEMS.",beer_reject.png,REJECT
BATCH-COLA-2026-021,HIGHLAND RESERVE,KENTUCKY STRAIGHT BOURBON WHISKEY,45.0%,90,750 ML,"HIGHLAND DISTILLING CO., LOUISVILLE, KY",PRODUCT OF USA,"GOVERNMENT WARNING: (1) ACCORDING TO THE SURGEON GENERAL, WOMEN SHOULD NOT DRINK ALCOHOLIC BEVERAGES DURING PREGNANCY BECAUSE OF THE RISK OF BIRTH DEFECTS. (2) CONSUMPTION OF ALCOHOLIC BEVERAGES IMPAIRS YOUR ABILITY TO DRIVE A CAR OR OPERATE MACHINERY, AND MAY CAUSE HEALTH PROBLEMS.",whiskey_pass.png,PASS
BATCH-COLA-2026-022,CHATEAU BELLEVIEW,RED WINE,14.8%,N/A,750 ML,"BELLEVIEW VINEYARDS, NAPA, CA",PRODUCT OF USA,"GOVERNMENT WARNING: (1) ACCORDING TO THE SURGEON GENERAL, WOMEN SHOULD NOT DRINK ALCOHOLIC BEVERAGES DURING PREGNANCY BECAUSE OF THE RISK OF BIRTH DEFECTS. (2) CONSUMPTION OF ALCOHOLIC BEVERAGES IMPAIRS YOUR ABILITY TO DRIVE A CAR OR OPERATE MACHINERY, AND MAY CAUSE HEALTH PROBLEMS.",wine_reject.png,REJECT
BATCH-COLA-2026-023,EL TEQUILEÑO REPOSADO,TEQUILA REPOSADO,40.0%,80,750 ML,"AGAVE REAL S.A. DE C.V., JALISCO",PRODUCT OF MEXICO,"GOVERNMENT WARNING: (1) ACCORDING TO THE SURGEON GENERAL, WOMEN SHOULD NOT DRINK ALCOHOLIC BEVERAGES DURING PREGNANCY BECAUSE OF THE RISK OF BIRTH DEFECTS. (2) CONSUMPTION OF ALCOHOLIC BEVERAGES IMPAIRS YOUR ABILITY TO DRIVE A CAR OR OPERATE MACHINERY, AND MAY CAUSE HEALTH PROBLEMS.",tequila_review.png,NEEDS REVIEW
BATCH-COLA-2026-024,OAK & HOPS CRAFT IPA,BEER,6.5%,N/A,12 FL OZ,"OAK BREWING CO., PORTLAND, OR",PRODUCT OF USA,"GOVERNMENT WARNING: (1) ACCORDING TO THE SURGEON GENERAL, WOMEN SHOULD NOT DRINK ALCOHOLIC BEVERAGES DURING PREGNANCY BECAUSE OF THE RISK OF BIRTH DEFECTS. (2) CONSUMPTION OF ALCOHOLIC BEVERAGES IMPAIRS YOUR ABILITY TO DRIVE A CAR OR OPERATE MACHINERY, AND MAY CAUSE HEALTH PROBLEMS.",beer_reject.png,REJECT
BATCH-COLA-2026-025,HIGHLAND RESERVE,KENTUCKY STRAIGHT BOURBON WHISKEY,45.0%,90,750 ML,"HIGHLAND DISTILLING CO., LOUISVILLE, KY",PRODUCT OF USA,"GOVERNMENT WARNING: (1) ACCORDING TO THE SURGEON GENERAL, WOMEN SHOULD NOT DRINK ALCOHOLIC BEVERAGES DURING PREGNANCY BECAUSE OF THE RISK OF BIRTH DEFECTS. (2) CONSUMPTION OF ALCOHOLIC BEVERAGES IMPAIRS YOUR ABILITY TO DRIVE A CAR OR OPERATE MACHINERY, AND MAY CAUSE HEALTH PROBLEMS.",whiskey_pass.png,PASS
BATCH-COLA-2026-026,CHATEAU BELLEVIEW,RED WINE,14.8%,N/A,750 ML,"BELLEVIEW VINEYARDS, NAPA, CA",PRODUCT OF USA,"GOVERNMENT WARNING: (1) ACCORDING TO THE SURGEON GENERAL, WOMEN SHOULD NOT DRINK ALCOHOLIC BEVERAGES DURING PREGNANCY BECAUSE OF THE RISK OF BIRTH DEFECTS. (2) CONSUMPTION OF ALCOHOLIC BEVERAGES IMPAIRS YOUR ABILITY TO DRIVE A CAR OR OPERATE MACHINERY, AND MAY CAUSE HEALTH PROBLEMS.",wine_reject.png,REJECT
BATCH-COLA-2026-027,EL TEQUILEÑO REPOSADO,TEQUILA REPOSADO,40.0%,80,750 ML,"AGAVE REAL S.A. DE C.V., JALISCO",PRODUCT OF MEXICO,"GOVERNMENT WARNING: (1) ACCORDING TO THE SURGEON GENERAL, WOMEN SHOULD NOT DRINK ALCOHOLIC BEVERAGES DURING PREGNANCY BECAUSE OF THE RISK OF BIRTH DEFECTS. (2) CONSUMPTION OF ALCOHOLIC BEVERAGES IMPAIRS YOUR ABILITY TO DRIVE A CAR OR OPERATE MACHINERY, AND MAY CAUSE HEALTH PROBLEMS.",tequila_review.png,NEEDS REVIEW
BATCH-COLA-2026-028,OAK & HOPS CRAFT IPA,BEER,6.5%,N/A,12 FL OZ,"OAK BREWING CO., PORTLAND, OR",PRODUCT OF USA,"GOVERNMENT WARNING: (1) ACCORDING TO THE SURGEON GENERAL, WOMEN SHOULD NOT DRINK ALCOHOLIC BEVERAGES DURING PREGNANCY BECAUSE OF THE RISK OF BIRTH DEFECTS. (2) CONSUMPTION OF ALCOHOLIC BEVERAGES IMPAIRS YOUR ABILITY TO DRIVE A CAR OR OPERATE MACHINERY, AND MAY CAUSE HEALTH PROBLEMS.",beer_reject.png,REJECT
BATCH-COLA-2026-029,HIGHLAND RESERVE,KENTUCKY STRAIGHT BOURBON WHISKEY,45.0%,90,750 ML,"HIGHLAND DISTILLING CO., LOUISVILLE, KY",PRODUCT OF USA,"GOVERNMENT WARNING: (1) ACCORDING TO THE SURGEON GENERAL, WOMEN SHOULD NOT DRINK ALCOHOLIC BEVERAGES DURING PREGNANCY BECAUSE OF THE RISK OF BIRTH DEFECTS. (2) CONSUMPTION OF ALCOHOLIC BEVERAGES IMPAIRS YOUR ABILITY TO DRIVE A CAR OR OPERATE MACHINERY, AND MAY CAUSE HEALTH PROBLEMS.",whiskey_pass.png,PASS
BATCH-COLA-2026-030,CHATEAU BELLEVIEW,RED WINE,14.8%,N/A,750 ML,"BELLEVIEW VINEYARDS, NAPA, CA",PRODUCT OF USA,"GOVERNMENT WARNING: (1) ACCORDING TO THE SURGEON GENERAL, WOMEN SHOULD NOT DRINK ALCOHOLIC BEVERAGES DURING PREGNANCY BECAUSE OF THE RISK OF BIRTH DEFECTS. (2) CONSUMPTION OF ALCOHOLIC BEVERAGES IMPAIRS YOUR ABILITY TO DRIVE A CAR OR OPERATE MACHINERY, AND MAY CAUSE HEALTH PROBLEMS.",wine_reject.png,REJECT
BATCH-COLA-2026-031,EL TEQUILEÑO REPOSADO,TEQUILA REPOSADO,40.0%,80,750 ML,"AGAVE REAL S.A. DE C.V., JALISCO",PRODUCT OF MEXICO,"GOVERNMENT WARNING: (1) ACCORDING TO THE SURGEON GENERAL, WOMEN SHOULD NOT DRINK ALCOHOLIC BEVERAGES DURING PREGNANCY BECAUSE OF THE RISK OF BIRTH DEFECTS. (2) CONSUMPTION OF ALCOHOLIC BEVERAGES IMPAIRS YOUR ABILITY TO DRIVE A CAR OR OPERATE MACHINERY, AND MAY CAUSE HEALTH PROBLEMS.",tequila_review.png,NEEDS REVIEW
BATCH-COLA-2026-032,OAK & HOPS CRAFT IPA,BEER,6.5%,N/A,12 FL OZ,"OAK BREWING CO., PORTLAND, OR",PRODUCT OF USA,"GOVERNMENT WARNING: (1) ACCORDING TO THE SURGEON GENERAL, WOMEN SHOULD NOT DRINK ALCOHOLIC BEVERAGES DURING PREGNANCY BECAUSE OF THE RISK OF BIRTH DEFECTS. (2) CONSUMPTION OF ALCOHOLIC BEVERAGES IMPAIRS YOUR ABILITY TO DRIVE A CAR OR OPERATE MACHINERY, AND MAY CAUSE HEALTH PROBLEMS.",beer_reject.png,REJECT
BATCH-COLA-2026-033,HIGHLAND RESERVE,KENTUCKY STRAIGHT BOURBON WHISKEY,45.0%,90,750 ML,"HIGHLAND DISTILLING CO., LOUISVILLE, KY",PRODUCT OF USA,"GOVERNMENT WARNING: (1) ACCORDING TO THE SURGEON GENERAL, WOMEN SHOULD NOT DRINK ALCOHOLIC BEVERAGES DURING PREGNANCY BECAUSE OF THE RISK OF BIRTH DEFECTS. (2) CONSUMPTION OF ALCOHOLIC BEVERAGES IMPAIRS YOUR ABILITY TO DRIVE A CAR OR OPERATE MACHINERY, AND MAY CAUSE HEALTH PROBLEMS.",whiskey_pass.png,PASS
BATCH-COLA-2026-034,CHATEAU BELLEVIEW,RED WINE,14.8%,N/A,750 ML,"BELLEVIEW VINEYARDS, NAPA, CA",PRODUCT OF USA,"GOVERNMENT WARNING: (1) ACCORDING TO THE SURGEON GENERAL, WOMEN SHOULD NOT DRINK ALCOHOLIC BEVERAGES DURING PREGNANCY BECAUSE OF THE RISK OF BIRTH DEFECTS. (2) CONSUMPTION OF ALCOHOLIC BEVERAGES IMPAIRS YOUR ABILITY TO DRIVE A CAR OR OPERATE MACHINERY, AND MAY CAUSE HEALTH PROBLEMS.",wine_reject.png,REJECT
BATCH-COLA-2026-035,EL TEQUILEÑO REPOSADO,TEQUILA REPOSADO,40.0%,80,750 ML,"AGAVE REAL S.A. DE C.V., JALISCO",PRODUCT OF MEXICO,"GOVERNMENT WARNING: (1) ACCORDING TO THE SURGEON GENERAL, WOMEN SHOULD NOT DRINK ALCOHOLIC BEVERAGES DURING PREGNANCY BECAUSE OF THE RISK OF BIRTH DEFECTS. (2) CONSUMPTION OF ALCOHOLIC BEVERAGES IMPAIRS YOUR ABILITY TO DRIVE A CAR OR OPERATE MACHINERY, AND MAY CAUSE HEALTH PROBLEMS.",tequila_review.png,NEEDS REVIEW
BATCH-COLA-2026-036,OAK & HOPS CRAFT IPA,BEER,6.5%,N/A,12 FL OZ,"OAK BREWING CO., PORTLAND, OR",PRODUCT OF USA,"GOVERNMENT WARNING: (1) ACCORDING TO THE SURGEON GENERAL, WOMEN SHOULD NOT DRINK ALCOHOLIC BEVERAGES DURING PREGNANCY BECAUSE OF THE RISK OF BIRTH DEFECTS. (2) CONSUMPTION OF ALCOHOLIC BEVERAGES IMPAIRS YOUR ABILITY TO DRIVE A CAR OR OPERATE MACHINERY, AND MAY CAUSE HEALTH PROBLEMS.",beer_reject.png,REJECT
BATCH-COLA-2026-037,HIGHLAND RESERVE,KENTUCKY STRAIGHT BOURBON WHISKEY,45.0%,90,750 ML,"HIGHLAND DISTILLING CO., LOUISVILLE, KY",PRODUCT OF USA,"GOVERNMENT WARNING: (1) ACCORDING TO THE SURGEON GENERAL, WOMEN SHOULD NOT DRINK ALCOHOLIC BEVERAGES DURING PREGNANCY BECAUSE OF THE RISK OF BIRTH DEFECTS. (2) CONSUMPTION OF ALCOHOLIC BEVERAGES IMPAIRS YOUR ABILITY TO DRIVE A CAR OR OPERATE MACHINERY, AND MAY CAUSE HEALTH PROBLEMS.",whiskey_pass.png,PASS
BATCH-COLA-2026-038,CHATEAU BELLEVIEW,RED WINE,14.8%,N/A,750 ML,"BELLEVIEW VINEYARDS, NAPA, CA",PRODUCT OF USA,"GOVERNMENT WARNING: (1) ACCORDING TO THE SURGEON GENERAL, WOMEN SHOULD NOT DRINK ALCOHOLIC BEVERAGES DURING PREGNANCY BECAUSE OF THE RISK OF BIRTH DEFECTS. (2) CONSUMPTION OF ALCOHOLIC BEVERAGES IMPAIRS YOUR ABILITY TO DRIVE A CAR OR OPERATE MACHINERY, AND MAY CAUSE HEALTH PROBLEMS.",wine_reject.png,REJECT
BATCH-COLA-2026-039,EL TEQUILEÑO REPOSADO,TEQUILA REPOSADO,40.0%,80,750 ML,"AGAVE REAL S.A. DE C.V., JALISCO",PRODUCT OF MEXICO,"GOVERNMENT WARNING: (1) ACCORDING TO THE SURGEON GENERAL, WOMEN SHOULD NOT DRINK ALCOHOLIC BEVERAGES DURING PREGNANCY BECAUSE OF THE RISK OF BIRTH DEFECTS. (2) CONSUMPTION OF ALCOHOLIC BEVERAGES IMPAIRS YOUR ABILITY TO DRIVE A CAR OR OPERATE MACHINERY, AND MAY CAUSE HEALTH PROBLEMS.",tequila_review.png,NEEDS REVIEW
BATCH-COLA-2026-040,OAK & HOPS CRAFT IPA,BEER,6.5%,N/A,12 FL OZ,"OAK BREWING CO., PORTLAND, OR",PRODUCT OF USA,"GOVERNMENT WARNING: (1) ACCORDING TO THE SURGEON GENERAL, WOMEN SHOULD NOT DRINK ALCOHOLIC BEVERAGES DURING PREGNANCY BECAUSE OF THE RISK OF BIRTH DEFECTS. (2) CONSUMPTION OF ALCOHOLIC BEVERAGES IMPAIRS YOUR ABILITY TO DRIVE A CAR OR OPERATE MACHINERY, AND MAY CAUSE HEALTH PROBLEMS.",beer_reject.png,REJECT
BATCH-COLA-2026-041,HIGHLAND RESERVE,KENTUCKY STRAIGHT BOURBON WHISKEY,45.0%,90,750 ML,"HIGHLAND DISTILLING CO., LOUISVILLE, KY",PRODUCT OF USA,"GOVERNMENT WARNING: (1) ACCORDING TO THE SURGEON GENERAL, WOMEN SHOULD NOT DRINK ALCOHOLIC BEVERAGES DURING PREGNANCY BECAUSE OF THE RISK OF BIRTH DEFECTS. (2) CONSUMPTION OF ALCOHOLIC BEVERAGES IMPAIRS YOUR ABILITY TO DRIVE A CAR OR OPERATE MACHINERY, AND MAY CAUSE HEALTH PROBLEMS.",whiskey_pass.png,PASS
BATCH-COLA-2026-042,CHATEAU BELLEVIEW,RED WINE,14.8%,N/A,750 ML,"BELLEVIEW VINEYARDS, NAPA, CA",PRODUCT OF USA,"GOVERNMENT WARNING: (1) ACCORDING TO THE SURGEON GENERAL, WOMEN SHOULD NOT DRINK ALCOHOLIC BEVERAGES DURING PREGNANCY BECAUSE OF THE RISK OF BIRTH DEFECTS. (2) CONSUMPTION OF ALCOHOLIC BEVERAGES IMPAIRS YOUR ABILITY TO DRIVE A CAR OR OPERATE MACHINERY, AND MAY CAUSE HEALTH PROBLEMS.",wine_reject.png,REJECT
BATCH-COLA-2026-043,EL TEQUILEÑO REPOSADO,TEQUILA REPOSADO,40.0%,80,750 ML,"AGAVE REAL S.A. DE C.V., JALISCO",PRODUCT OF MEXICO,"GOVERNMENT WARNING: (1) ACCORDING TO THE SURGEON GENERAL, WOMEN SHOULD NOT DRINK ALCOHOLIC BEVERAGES DURING PREGNANCY BECAUSE OF THE RISK OF BIRTH DEFECTS. (2) CONSUMPTION OF ALCOHOLIC BEVERAGES IMPAIRS YOUR ABILITY TO DRIVE A CAR OR OPERATE MACHINERY, AND MAY CAUSE HEALTH PROBLEMS.",tequila_review.png,NEEDS REVIEW
BATCH-COLA-2026-044,OAK & HOPS CRAFT IPA,BEER,6.5%,N/A,12 FL OZ,"OAK BREWING CO., PORTLAND, OR",PRODUCT OF USA,"GOVERNMENT WARNING: (1) ACCORDING TO THE SURGEON GENERAL, WOMEN SHOULD NOT DRINK ALCOHOLIC BEVERAGES DURING PREGNANCY BECAUSE OF THE RISK OF BIRTH DEFECTS. (2) CONSUMPTION OF ALCOHOLIC BEVERAGES IMPAIRS YOUR ABILITY TO DRIVE A CAR OR OPERATE MACHINERY, AND MAY CAUSE HEALTH PROBLEMS.",beer_reject.png,REJECT
BATCH-COLA-2026-045,HIGHLAND RESERVE,KENTUCKY STRAIGHT BOURBON WHISKEY,45.0%,90,750 ML,"HIGHLAND DISTILLING CO., LOUISVILLE, KY",PRODUCT OF USA,"GOVERNMENT WARNING: (1) ACCORDING TO THE SURGEON GENERAL, WOMEN SHOULD NOT DRINK ALCOHOLIC BEVERAGES DURING PREGNANCY BECAUSE OF THE RISK OF BIRTH DEFECTS. (2) CONSUMPTION OF ALCOHOLIC BEVERAGES IMPAIRS YOUR ABILITY TO DRIVE A CAR OR OPERATE MACHINERY, AND MAY CAUSE HEALTH PROBLEMS.",whiskey_pass.png,PASS
BATCH-COLA-2026-046,CHATEAU BELLEVIEW,RED WINE,14.8%,N/A,750 ML,"BELLEVIEW VINEYARDS, NAPA, CA",PRODUCT OF USA,"GOVERNMENT WARNING: (1) ACCORDING TO THE SURGEON GENERAL, WOMEN SHOULD NOT DRINK ALCOHOLIC BEVERAGES DURING PREGNANCY BECAUSE OF THE RISK OF BIRTH DEFECTS. (2) CONSUMPTION OF ALCOHOLIC BEVERAGES IMPAIRS YOUR ABILITY TO DRIVE A CAR OR OPERATE MACHINERY, AND MAY CAUSE HEALTH PROBLEMS.",wine_reject.png,REJECT
BATCH-COLA-2026-047,EL TEQUILEÑO REPOSADO,TEQUILA REPOSADO,40.0%,80,750 ML,"AGAVE REAL S.A. DE C.V., JALISCO",PRODUCT OF MEXICO,"GOVERNMENT WARNING: (1) ACCORDING TO THE SURGEON GENERAL, WOMEN SHOULD NOT DRINK ALCOHOLIC BEVERAGES DURING PREGNANCY BECAUSE OF THE RISK OF BIRTH DEFECTS. (2) CONSUMPTION OF ALCOHOLIC BEVERAGES IMPAIRS YOUR ABILITY TO DRIVE A CAR OR OPERATE MACHINERY, AND MAY CAUSE HEALTH PROBLEMS.",tequila_review.png,NEEDS REVIEW
BATCH-COLA-2026-048,OAK & HOPS CRAFT IPA,BEER,6.5%,N/A,12 FL OZ,"OAK BREWING CO., PORTLAND, OR",PRODUCT OF USA,"GOVERNMENT WARNING: (1) ACCORDING TO THE SURGEON GENERAL, WOMEN SHOULD NOT DRINK ALCOHOLIC BEVERAGES DURING PREGNANCY BECAUSE OF THE RISK OF BIRTH DEFECTS. (2) CONSUMPTION OF ALCOHOLIC BEVERAGES IMPAIRS YOUR ABILITY TO DRIVE A CAR OR OPERATE MACHINERY, AND MAY CAUSE HEALTH PROBLEMS.",beer_reject.png,REJECT
BATCH-COLA-2026-049,HIGHLAND RESERVE,KENTUCKY STRAIGHT BOURBON WHISKEY,45.0%,90,750 ML,"HIGHLAND DISTILLING CO., LOUISVILLE, KY",PRODUCT OF USA,"GOVERNMENT WARNING: (1) ACCORDING TO THE SURGEON GENERAL, WOMEN SHOULD NOT DRINK ALCOHOLIC BEVERAGES DURING PREGNANCY BECAUSE OF THE RISK OF BIRTH DEFECTS. (2) CONSUMPTION OF ALCOHOLIC BEVERAGES IMPAIRS YOUR ABILITY TO DRIVE A CAR OR OPERATE MACHINERY, AND MAY CAUSE HEALTH PROBLEMS.",whiskey_pass.png,PASS
BATCH-COLA-2026-050,CHATEAU BELLEVIEW,RED WINE,14.8%,N/A,750 ML,"BELLEVIEW VINEYARDS, NAPA, CA",PRODUCT OF USA,"GOVERNMENT WARNING: (1) ACCORDING TO THE SURGEON GENERAL, WOMEN SHOULD NOT DRINK ALCOHOLIC BEVERAGES DURING PREGNANCY BECAUSE OF THE RISK OF BIRTH DEFECTS. (2) CONSUMPTION OF ALCOHOLIC BEVERAGES IMPAIRS YOUR ABILITY TO DRIVE A CAR OR OPERATE MACHINERY, AND MAY CAUSE HEALTH PROBLEMS.",wine_reject.png,REJECT
BATCH-COLA-2026-051,EL TEQUILEÑO REPOSADO,TEQUILA REPOSADO,40.0%,80,750 ML,"AGAVE REAL S.A. DE C.V., JALISCO",PRODUCT OF MEXICO,"GOVERNMENT WARNING: (1) ACCORDING TO THE SURGEON GENERAL, WOMEN SHOULD NOT DRINK ALCOHOLIC BEVERAGES DURING PREGNANCY BECAUSE OF THE RISK OF BIRTH DEFECTS. (2) CONSUMPTION OF ALCOHOLIC BEVERAGES IMPAIRS YOUR ABILITY TO DRIVE A CAR OR OPERATE MACHINERY, AND MAY CAUSE HEALTH PROBLEMS.",tequila_review.png,NEEDS REVIEW
BATCH-COLA-2026-052,OAK & HOPS CRAFT IPA,BEER,6.5%,N/A,12 FL OZ,"OAK BREWING CO., PORTLAND, OR",PRODUCT OF USA,"GOVERNMENT WARNING: (1) ACCORDING TO THE SURGEON GENERAL, WOMEN SHOULD NOT DRINK ALCOHOLIC BEVERAGES DURING PREGNANCY BECAUSE OF THE RISK OF BIRTH DEFECTS. (2) CONSUMPTION OF ALCOHOLIC BEVERAGES IMPAIRS YOUR ABILITY TO DRIVE A CAR OR OPERATE MACHINERY, AND MAY CAUSE HEALTH PROBLEMS.",beer_reject.png,REJECT
BATCH-COLA-2026-053,HIGHLAND RESERVE,KENTUCKY STRAIGHT BOURBON WHISKEY,45.0%,90,750 ML,"HIGHLAND DISTILLING CO., LOUISVILLE, KY",PRODUCT OF USA,"GOVERNMENT WARNING: (1) ACCORDING TO THE SURGEON GENERAL, WOMEN SHOULD NOT DRINK ALCOHOLIC BEVERAGES DURING PREGNANCY BECAUSE OF THE RISK OF BIRTH DEFECTS. (2) CONSUMPTION OF ALCOHOLIC BEVERAGES IMPAIRS YOUR ABILITY TO DRIVE A CAR OR OPERATE MACHINERY, AND MAY CAUSE HEALTH PROBLEMS.",whiskey_pass.png,PASS
BATCH-COLA-2026-054,CHATEAU BELLEVIEW,RED WINE,14.8%,N/A,750 ML,"BELLEVIEW VINEYARDS, NAPA, CA",PRODUCT OF USA,"GOVERNMENT WARNING: (1) ACCORDING TO THE SURGEON GENERAL, WOMEN SHOULD NOT DRINK ALCOHOLIC BEVERAGES DURING PREGNANCY BECAUSE OF THE RISK OF BIRTH DEFECTS. (2) CONSUMPTION OF ALCOHOLIC BEVERAGES IMPAIRS YOUR ABILITY TO DRIVE A CAR OR OPERATE MACHINERY, AND MAY CAUSE HEALTH PROBLEMS.",wine_reject.png,REJECT
BATCH-COLA-2026-055,EL TEQUILEÑO REPOSADO,TEQUILA REPOSADO,40.0%,80,750 ML,"AGAVE REAL S.A. DE C.V., JALISCO",PRODUCT OF MEXICO,"GOVERNMENT WARNING: (1) ACCORDING TO THE SURGEON GENERAL, WOMEN SHOULD NOT DRINK ALCOHOLIC BEVERAGES DURING PREGNANCY BECAUSE OF THE RISK OF BIRTH DEFECTS. (2) CONSUMPTION OF ALCOHOLIC BEVERAGES IMPAIRS YOUR ABILITY TO DRIVE A CAR OR OPERATE MACHINERY, AND MAY CAUSE HEALTH PROBLEMS.",tequila_review.png,NEEDS REVIEW
BATCH-COLA-2026-056,OAK & HOPS CRAFT IPA,BEER,6.5%,N/A,12 FL OZ,"OAK BREWING CO., PORTLAND, OR",PRODUCT OF USA,"GOVERNMENT WARNING: (1) ACCORDING TO THE SURGEON GENERAL, WOMEN SHOULD NOT DRINK ALCOHOLIC BEVERAGES DURING PREGNANCY BECAUSE OF THE RISK OF BIRTH DEFECTS. (2) CONSUMPTION OF ALCOHOLIC BEVERAGES IMPAIRS YOUR ABILITY TO DRIVE A CAR OR OPERATE MACHINERY, AND MAY CAUSE HEALTH PROBLEMS.",beer_reject.png,REJECT
BATCH-COLA-2026-057,HIGHLAND RESERVE,KENTUCKY STRAIGHT BOURBON WHISKEY,45.0%,90,750 ML,"HIGHLAND DISTILLING CO., LOUISVILLE, KY",PRODUCT OF USA,"GOVERNMENT WARNING: (1) ACCORDING TO THE SURGEON GENERAL, WOMEN SHOULD NOT DRINK ALCOHOLIC BEVERAGES DURING PREGNANCY BECAUSE OF THE RISK OF BIRTH DEFECTS. (2) CONSUMPTION OF ALCOHOLIC BEVERAGES IMPAIRS YOUR ABILITY TO DRIVE A CAR OR OPERATE MACHINERY, AND MAY CAUSE HEALTH PROBLEMS.",whiskey_pass.png,PASS
BATCH-COLA-2026-058,CHATEAU BELLEVIEW,RED WINE,14.8%,N/A,750 ML,"BELLEVIEW VINEYARDS, NAPA, CA",PRODUCT OF USA,"GOVERNMENT WARNING: (1) ACCORDING TO THE SURGEON GENERAL, WOMEN SHOULD NOT DRINK ALCOHOLIC BEVERAGES DURING PREGNANCY BECAUSE OF THE RISK OF BIRTH DEFECTS. (2) CONSUMPTION OF ALCOHOLIC BEVERAGES IMPAIRS YOUR ABILITY TO DRIVE A CAR OR OPERATE MACHINERY, AND MAY CAUSE HEALTH PROBLEMS.",wine_reject.png,REJECT
BATCH-COLA-2026-059,EL TEQUILEÑO REPOSADO,TEQUILA REPOSADO,40.0%,80,750 ML,"AGAVE REAL S.A. DE C.V., JALISCO",PRODUCT OF MEXICO,"GOVERNMENT WARNING: (1) ACCORDING TO THE SURGEON GENERAL, WOMEN SHOULD NOT DRINK ALCOHOLIC BEVERAGES DURING PREGNANCY BECAUSE OF THE RISK OF BIRTH DEFECTS. (2) CONSUMPTION OF ALCOHOLIC BEVERAGES IMPAIRS YOUR ABILITY TO DRIVE A CAR OR OPERATE MACHINERY, AND MAY CAUSE HEALTH PROBLEMS.",tequila_review.png,NEEDS REVIEW
BATCH-COLA-2026-060,OAK & HOPS CRAFT IPA,BEER,6.5%,N/A,12 FL OZ,"OAK BREWING CO., PORTLAND, OR",PRODUCT OF USA,"GOVERNMENT WARNING: (1) ACCORDING TO THE SURGEON GENERAL, WOMEN SHOULD NOT DRINK ALCOHOLIC BEVERAGES DURING PREGNANCY BECAUSE OF THE RISK OF BIRTH DEFECTS. (2) CONSUMPTION OF ALCOHOLIC BEVERAGES IMPAIRS YOUR ABILITY TO DRIVE A CAR OR OPERATE MACHINERY, AND MAY CAUSE HEALTH PROBLEMS.",beer_reject.png,REJECT
BATCH-COLA-2026-061,HIGHLAND RESERVE,KENTUCKY STRAIGHT BOURBON WHISKEY,45.0%,90,750 ML,"HIGHLAND DISTILLING CO., LOUISVILLE, KY",PRODUCT OF USA,"GOVERNMENT WARNING: (1) ACCORDING TO THE SURGEON GENERAL, WOMEN SHOULD NOT DRINK ALCOHOLIC BEVERAGES DURING PREGNANCY BECAUSE OF THE RISK OF BIRTH DEFECTS. (2) CONSUMPTION OF ALCOHOLIC BEVERAGES IMPAIRS YOUR ABILITY TO DRIVE A CAR OR OPERATE MACHINERY, AND MAY CAUSE HEALTH PROBLEMS.",whiskey_pass.png,PASS
BATCH-COLA-2026-062,CHATEAU BELLEVIEW,RED WINE,14.8%,N/A,750 ML,"BELLEVIEW VINEYARDS, NAPA, CA",PRODUCT OF USA,"GOVERNMENT WARNING: (1) ACCORDING TO THE SURGEON GENERAL, WOMEN SHOULD NOT DRINK ALCOHOLIC BEVERAGES DURING PREGNANCY BECAUSE OF THE RISK OF BIRTH DEFECTS. (2) CONSUMPTION OF ALCOHOLIC BEVERAGES IMPAIRS YOUR ABILITY TO DRIVE A CAR OR OPERATE MACHINERY, AND MAY CAUSE HEALTH PROBLEMS.",wine_reject.png,REJECT
BATCH-COLA-2026-063,EL TEQUILEÑO REPOSADO,TEQUILA REPOSADO,40.0%,80,750 ML,"AGAVE REAL S.A. DE C.V., JALISCO",PRODUCT OF MEXICO,"GOVERNMENT WARNING: (1) ACCORDING TO THE SURGEON GENERAL, WOMEN SHOULD NOT DRINK ALCOHOLIC BEVERAGES DURING PREGNANCY BECAUSE OF THE RISK OF BIRTH DEFECTS. (2) CONSUMPTION OF ALCOHOLIC BEVERAGES IMPAIRS YOUR ABILITY TO DRIVE A CAR OR OPERATE MACHINERY, AND MAY CAUSE HEALTH PROBLEMS.",tequila_review.png,NEEDS REVIEW
BATCH-COLA-2026-064,OAK & HOPS CRAFT IPA,BEER,6.5%,N/A,12 FL OZ,"OAK BREWING CO., PORTLAND, OR",PRODUCT OF USA,"GOVERNMENT WARNING: (1) ACCORDING TO THE SURGEON GENERAL, WOMEN SHOULD NOT DRINK ALCOHOLIC BEVERAGES DURING PREGNANCY BECAUSE OF THE RISK OF BIRTH DEFECTS. (2) CONSUMPTION OF ALCOHOLIC BEVERAGES IMPAIRS YOUR ABILITY TO DRIVE A CAR OR OPERATE MACHINERY, AND MAY CAUSE HEALTH PROBLEMS.",beer_reject.png,REJECT
BATCH-COLA-2026-065,HIGHLAND RESERVE,KENTUCKY STRAIGHT BOURBON WHISKEY,45.0%,90,750 ML,"HIGHLAND DISTILLING CO., LOUISVILLE, KY",PRODUCT OF USA,"GOVERNMENT WARNING: (1) ACCORDING TO THE SURGEON GENERAL, WOMEN SHOULD NOT DRINK ALCOHOLIC BEVERAGES DURING PREGNANCY BECAUSE OF THE RISK OF BIRTH DEFECTS. (2) CONSUMPTION OF ALCOHOLIC BEVERAGES IMPAIRS YOUR ABILITY TO DRIVE A CAR OR OPERATE MACHINERY, AND MAY CAUSE HEALTH PROBLEMS.",whiskey_pass.png,PASS
BATCH-COLA-2026-066,CHATEAU BELLEVIEW,RED WINE,14.8%,N/A,750 ML,"BELLEVIEW VINEYARDS, NAPA, CA",PRODUCT OF USA,"GOVERNMENT WARNING: (1) ACCORDING TO THE SURGEON GENERAL, WOMEN SHOULD NOT DRINK ALCOHOLIC BEVERAGES DURING PREGNANCY BECAUSE OF THE RISK OF BIRTH DEFECTS. (2) CONSUMPTION OF ALCOHOLIC BEVERAGES IMPAIRS YOUR ABILITY TO DRIVE A CAR OR OPERATE MACHINERY, AND MAY CAUSE HEALTH PROBLEMS.",wine_reject.png,REJECT
BATCH-COLA-2026-067,EL TEQUILEÑO REPOSADO,TEQUILA REPOSADO,40.0%,80,750 ML,"AGAVE REAL S.A. DE C.V., JALISCO",PRODUCT OF MEXICO,"GOVERNMENT WARNING: (1) ACCORDING TO THE SURGEON GENERAL, WOMEN SHOULD NOT DRINK ALCOHOLIC BEVERAGES DURING PREGNANCY BECAUSE OF THE RISK OF BIRTH DEFECTS. (2) CONSUMPTION OF ALCOHOLIC BEVERAGES IMPAIRS YOUR ABILITY TO DRIVE A CAR OR OPERATE MACHINERY, AND MAY CAUSE HEALTH PROBLEMS.",tequila_review.png,NEEDS REVIEW
BATCH-COLA-2026-068,OAK & HOPS CRAFT IPA,BEER,6.5%,N/A,12 FL OZ,"OAK BREWING CO., PORTLAND, OR",PRODUCT OF USA,"GOVERNMENT WARNING: (1) ACCORDING TO THE SURGEON GENERAL, WOMEN SHOULD NOT DRINK ALCOHOLIC BEVERAGES DURING PREGNANCY BECAUSE OF THE RISK OF BIRTH DEFECTS. (2) CONSUMPTION OF ALCOHOLIC BEVERAGES IMPAIRS YOUR ABILITY TO DRIVE A CAR OR OPERATE MACHINERY, AND MAY CAUSE HEALTH PROBLEMS.",beer_reject.png,REJECT
BATCH-COLA-2026-069,HIGHLAND RESERVE,KENTUCKY STRAIGHT BOURBON WHISKEY,45.0%,90,750 ML,"HIGHLAND DISTILLING CO., LOUISVILLE, KY",PRODUCT OF USA,"GOVERNMENT WARNING: (1) ACCORDING TO THE SURGEON GENERAL, WOMEN SHOULD NOT DRINK ALCOHOLIC BEVERAGES DURING PREGNANCY BECAUSE OF THE RISK OF BIRTH DEFECTS. (2) CONSUMPTION OF ALCOHOLIC BEVERAGES IMPAIRS YOUR ABILITY TO DRIVE A CAR OR OPERATE MACHINERY, AND MAY CAUSE HEALTH PROBLEMS.",whiskey_pass.png,PASS
BATCH-COLA-2026-070,CHATEAU BELLEVIEW,RED WINE,14.8%,N/A,750 ML,"BELLEVIEW VINEYARDS, NAPA, CA",PRODUCT OF USA,"GOVERNMENT WARNING: (1) ACCORDING TO THE SURGEON GENERAL, WOMEN SHOULD NOT DRINK ALCOHOLIC BEVERAGES DURING PREGNANCY BECAUSE OF THE RISK OF BIRTH DEFECTS. (2) CONSUMPTION OF ALCOHOLIC BEVERAGES IMPAIRS YOUR ABILITY TO DRIVE A CAR OR OPERATE MACHINERY, AND MAY CAUSE HEALTH PROBLEMS.",wine_reject.png,REJECT
BATCH-COLA-2026-071,EL TEQUILEÑO REPOSADO,TEQUILA REPOSADO,40.0%,80,750 ML,"AGAVE REAL S.A. DE C.V., JALISCO",PRODUCT OF MEXICO,"GOVERNMENT WARNING: (1) ACCORDING TO THE SURGEON GENERAL, WOMEN SHOULD NOT DRINK ALCOHOLIC BEVERAGES DURING PREGNANCY BECAUSE OF THE RISK OF BIRTH DEFECTS. (2) CONSUMPTION OF ALCOHOLIC BEVERAGES IMPAIRS YOUR ABILITY TO DRIVE A CAR OR OPERATE MACHINERY, AND MAY CAUSE HEALTH PROBLEMS.",tequila_review.png,NEEDS REVIEW
BATCH-COLA-2026-072,OAK & HOPS CRAFT IPA,BEER,6.5%,N/A,12 FL OZ,"OAK BREWING CO., PORTLAND, OR",PRODUCT OF USA,"GOVERNMENT WARNING: (1) ACCORDING TO THE SURGEON GENERAL, WOMEN SHOULD NOT DRINK ALCOHOLIC BEVERAGES DURING PREGNANCY BECAUSE OF THE RISK OF BIRTH DEFECTS. (2) CONSUMPTION OF ALCOHOLIC BEVERAGES IMPAIRS YOUR ABILITY TO DRIVE A CAR OR OPERATE MACHINERY, AND MAY CAUSE HEALTH PROBLEMS.",beer_reject.png,REJECT
BATCH-COLA-2026-073,HIGHLAND RESERVE,KENTUCKY STRAIGHT BOURBON WHISKEY,45.0%,90,750 ML,"HIGHLAND DISTILLING CO., LOUISVILLE, KY",PRODUCT OF USA,"GOVERNMENT WARNING: (1) ACCORDING TO THE SURGEON GENERAL, WOMEN SHOULD NOT DRINK ALCOHOLIC BEVERAGES DURING PREGNANCY BECAUSE OF THE RISK OF BIRTH DEFECTS. (2) CONSUMPTION OF ALCOHOLIC BEVERAGES IMPAIRS YOUR ABILITY TO DRIVE A CAR OR OPERATE MACHINERY, AND MAY CAUSE HEALTH PROBLEMS.",whiskey_pass.png,PASS
BATCH-COLA-2026-074,CHATEAU BELLEVIEW,RED WINE,14.8%,N/A,750 ML,"BELLEVIEW VINEYARDS, NAPA, CA",PRODUCT OF USA,"GOVERNMENT WARNING: (1) ACCORDING TO THE SURGEON GENERAL, WOMEN SHOULD NOT DRINK ALCOHOLIC BEVERAGES DURING PREGNANCY BECAUSE OF THE RISK OF BIRTH DEFECTS. (2) CONSUMPTION OF ALCOHOLIC BEVERAGES IMPAIRS YOUR ABILITY TO DRIVE A CAR OR OPERATE MACHINERY, AND MAY CAUSE HEALTH PROBLEMS.",wine_reject.png,REJECT
BATCH-COLA-2026-075,EL TEQUILEÑO REPOSADO,TEQUILA REPOSADO,40.0%,80,750 ML,"AGAVE REAL S.A. DE C.V., JALISCO",PRODUCT OF MEXICO,"GOVERNMENT WARNING: (1) ACCORDING TO THE SURGEON GENERAL, WOMEN SHOULD NOT DRINK ALCOHOLIC BEVERAGES DURING PREGNANCY BECAUSE OF THE RISK OF BIRTH DEFECTS. (2) CONSUMPTION OF ALCOHOLIC BEVERAGES IMPAIRS YOUR ABILITY TO DRIVE A CAR OR OPERATE MACHINERY, AND MAY CAUSE HEALTH PROBLEMS.",tequila_review.png,NEEDS REVIEW
BATCH-COLA-2026-076,OAK & HOPS CRAFT IPA,BEER,6.5%,N/A,12 FL OZ,"OAK BREWING CO., PORTLAND, OR",PRODUCT OF USA,"GOVERNMENT WARNING: (1) ACCORDING TO THE SURGEON GENERAL, WOMEN SHOULD NOT DRINK ALCOHOLIC BEVERAGES DURING PREGNANCY BECAUSE OF THE RISK OF BIRTH DEFECTS. (2) CONSUMPTION OF ALCOHOLIC BEVERAGES IMPAIRS YOUR ABILITY TO DRIVE A CAR OR OPERATE MACHINERY, AND MAY CAUSE HEALTH PROBLEMS.",beer_reject.png,REJECT
BATCH-COLA-2026-077,HIGHLAND RESERVE,KENTUCKY STRAIGHT BOURBON WHISKEY,45.0%,90,750 ML,"HIGHLAND DISTILLING CO., LOUISVILLE, KY",PRODUCT OF USA,"GOVERNMENT WARNING: (1) ACCORDING TO THE SURGEON GENERAL, WOMEN SHOULD NOT DRINK ALCOHOLIC BEVERAGES DURING PREGNANCY BECAUSE OF THE RISK OF BIRTH DEFECTS. (2) CONSUMPTION OF ALCOHOLIC BEVERAGES IMPAIRS YOUR ABILITY TO DRIVE A CAR OR OPERATE MACHINERY, AND MAY CAUSE HEALTH PROBLEMS.",whiskey_pass.png,PASS
BATCH-COLA-2026-078,CHATEAU BELLEVIEW,RED WINE,14.8%,N/A,750 ML,"BELLEVIEW VINEYARDS, NAPA, CA",PRODUCT OF USA,"GOVERNMENT WARNING: (1) ACCORDING TO THE SURGEON GENERAL, WOMEN SHOULD NOT DRINK ALCOHOLIC BEVERAGES DURING PREGNANCY BECAUSE OF THE RISK OF BIRTH DEFECTS. (2) CONSUMPTION OF ALCOHOLIC BEVERAGES IMPAIRS YOUR ABILITY TO DRIVE A CAR OR OPERATE MACHINERY, AND MAY CAUSE HEALTH PROBLEMS.",wine_reject.png,REJECT
BATCH-COLA-2026-079,EL TEQUILEÑO REPOSADO,TEQUILA REPOSADO,40.0%,80,750 ML,"AGAVE REAL S.A. DE C.V., JALISCO",PRODUCT OF MEXICO,"GOVERNMENT WARNING: (1) ACCORDING TO THE SURGEON GENERAL, WOMEN SHOULD NOT DRINK ALCOHOLIC BEVERAGES DURING PREGNANCY BECAUSE OF THE RISK OF BIRTH DEFECTS. (2) CONSUMPTION OF ALCOHOLIC BEVERAGES IMPAIRS YOUR ABILITY TO DRIVE A CAR OR OPERATE MACHINERY, AND MAY CAUSE HEALTH PROBLEMS.",tequila_review.png,NEEDS REVIEW
BATCH-COLA-2026-080,OAK & HOPS CRAFT IPA,BEER,6.5%,N/A,12 FL OZ,"OAK BREWING CO., PORTLAND, OR",PRODUCT OF USA,"GOVERNMENT WARNING: (1) ACCORDING TO THE SURGEON GENERAL, WOMEN SHOULD NOT DRINK ALCOHOLIC BEVERAGES DURING PREGNANCY BECAUSE OF THE RISK OF BIRTH DEFECTS. (2) CONSUMPTION OF ALCOHOLIC BEVERAGES IMPAIRS YOUR ABILITY TO DRIVE A CAR OR OPERATE MACHINERY, AND MAY CAUSE HEALTH PROBLEMS.",beer_reject.png,REJECT
BATCH-COLA-2026-081,HIGHLAND RESERVE,KENTUCKY STRAIGHT BOURBON WHISKEY,45.0%,90,750 ML,"HIGHLAND DISTILLING CO., LOUISVILLE, KY",PRODUCT OF USA,"GOVERNMENT WARNING: (1) ACCORDING TO THE SURGEON GENERAL, WOMEN SHOULD NOT DRINK ALCOHOLIC BEVERAGES DURING PREGNANCY BECAUSE OF THE RISK OF BIRTH DEFECTS. (2) CONSUMPTION OF ALCOHOLIC BEVERAGES IMPAIRS YOUR ABILITY TO DRIVE A CAR OR OPERATE MACHINERY, AND MAY CAUSE HEALTH PROBLEMS.",whiskey_pass.png,PASS
BATCH-COLA-2026-082,CHATEAU BELLEVIEW,RED WINE,14.8%,N/A,750 ML,"BELLEVIEW VINEYARDS, NAPA, CA",PRODUCT OF USA,"GOVERNMENT WARNING: (1) ACCORDING TO THE SURGEON GENERAL, WOMEN SHOULD NOT DRINK ALCOHOLIC BEVERAGES DURING PREGNANCY BECAUSE OF THE RISK OF BIRTH DEFECTS. (2) CONSUMPTION OF ALCOHOLIC BEVERAGES IMPAIRS YOUR ABILITY TO DRIVE A CAR OR OPERATE MACHINERY, AND MAY CAUSE HEALTH PROBLEMS.",wine_reject.png,REJECT
BATCH-COLA-2026-083,EL TEQUILEÑO REPOSADO,TEQUILA REPOSADO,40.0%,80,750 ML,"AGAVE REAL S.A. DE C.V., JALISCO",PRODUCT OF MEXICO,"GOVERNMENT WARNING: (1) ACCORDING TO THE SURGEON GENERAL, WOMEN SHOULD NOT DRINK ALCOHOLIC BEVERAGES DURING PREGNANCY BECAUSE OF THE RISK OF BIRTH DEFECTS. (2) CONSUMPTION OF ALCOHOLIC BEVERAGES IMPAIRS YOUR ABILITY TO DRIVE A CAR OR OPERATE MACHINERY, AND MAY CAUSE HEALTH PROBLEMS.",tequila_review.png,NEEDS REVIEW
BATCH-COLA-2026-084,OAK & HOPS CRAFT IPA,BEER,6.5%,N/A,12 FL OZ,"OAK BREWING CO., PORTLAND, OR",PRODUCT OF USA,"GOVERNMENT WARNING: (1) ACCORDING TO THE SURGEON GENERAL, WOMEN SHOULD NOT DRINK ALCOHOLIC BEVERAGES DURING PREGNANCY BECAUSE OF THE RISK OF BIRTH DEFECTS. (2) CONSUMPTION OF ALCOHOLIC BEVERAGES IMPAIRS YOUR ABILITY TO DRIVE A CAR OR OPERATE MACHINERY, AND MAY CAUSE HEALTH PROBLEMS.",beer_reject.png,REJECT
BATCH-COLA-2026-085,HIGHLAND RESERVE,KENTUCKY STRAIGHT BOURBON WHISKEY,45.0%,90,750 ML,"HIGHLAND DISTILLING CO., LOUISVILLE, KY",PRODUCT OF USA,"GOVERNMENT WARNING: (1) ACCORDING TO THE SURGEON GENERAL, WOMEN SHOULD NOT DRINK ALCOHOLIC BEVERAGES DURING PREGNANCY BECAUSE OF THE RISK OF BIRTH DEFECTS. (2) CONSUMPTION OF ALCOHOLIC BEVERAGES IMPAIRS YOUR ABILITY TO DRIVE A CAR OR OPERATE MACHINERY, AND MAY CAUSE HEALTH PROBLEMS.",whiskey_pass.png,PASS
BATCH-COLA-2026-086,CHATEAU BELLEVIEW,RED WINE,14.8%,N/A,750 ML,"BELLEVIEW VINEYARDS, NAPA, CA",PRODUCT OF USA,"GOVERNMENT WARNING: (1) ACCORDING TO THE SURGEON GENERAL, WOMEN SHOULD NOT DRINK ALCOHOLIC BEVERAGES DURING PREGNANCY BECAUSE OF THE RISK OF BIRTH DEFECTS. (2) CONSUMPTION OF ALCOHOLIC BEVERAGES IMPAIRS YOUR ABILITY TO DRIVE A CAR OR OPERATE MACHINERY, AND MAY CAUSE HEALTH PROBLEMS.",wine_reject.png,REJECT
BATCH-COLA-2026-087,EL TEQUILEÑO REPOSADO,TEQUILA REPOSADO,40.0%,80,750 ML,"AGAVE REAL S.A. DE C.V., JALISCO",PRODUCT OF MEXICO,"GOVERNMENT WARNING: (1) ACCORDING TO THE SURGEON GENERAL, WOMEN SHOULD NOT DRINK ALCOHOLIC BEVERAGES DURING PREGNANCY BECAUSE OF THE RISK OF BIRTH DEFECTS. (2) CONSUMPTION OF ALCOHOLIC BEVERAGES IMPAIRS YOUR ABILITY TO DRIVE A CAR OR OPERATE MACHINERY, AND MAY CAUSE HEALTH PROBLEMS.",tequila_review.png,NEEDS REVIEW
BATCH-COLA-2026-088,OAK & HOPS CRAFT IPA,BEER,6.5%,N/A,12 FL OZ,"OAK BREWING CO., PORTLAND, OR",PRODUCT OF USA,"GOVERNMENT WARNING: (1) ACCORDING TO THE SURGEON GENERAL, WOMEN SHOULD NOT DRINK ALCOHOLIC BEVERAGES DURING PREGNANCY BECAUSE OF THE RISK OF BIRTH DEFECTS. (2) CONSUMPTION OF ALCOHOLIC BEVERAGES IMPAIRS YOUR ABILITY TO DRIVE A CAR OR OPERATE MACHINERY, AND MAY CAUSE HEALTH PROBLEMS.",beer_reject.png,REJECT
BATCH-COLA-2026-089,HIGHLAND RESERVE,KENTUCKY STRAIGHT BOURBON WHISKEY,45.0%,90,750 ML,"HIGHLAND DISTILLING CO., LOUISVILLE, KY",PRODUCT OF USA,"GOVERNMENT WARNING: (1) ACCORDING TO THE SURGEON GENERAL, WOMEN SHOULD NOT DRINK ALCOHOLIC BEVERAGES DURING PREGNANCY BECAUSE OF THE RISK OF BIRTH DEFECTS. (2) CONSUMPTION OF ALCOHOLIC BEVERAGES IMPAIRS YOUR ABILITY TO DRIVE A CAR OR OPERATE MACHINERY, AND MAY CAUSE HEALTH PROBLEMS.",whiskey_pass.png,PASS
BATCH-COLA-2026-090,CHATEAU BELLEVIEW,RED WINE,14.8%,N/A,750 ML,"BELLEVIEW VINEYARDS, NAPA, CA",PRODUCT OF USA,"GOVERNMENT WARNING: (1) ACCORDING TO THE SURGEON GENERAL, WOMEN SHOULD NOT DRINK ALCOHOLIC BEVERAGES DURING PREGNANCY BECAUSE OF THE RISK OF BIRTH DEFECTS. (2) CONSUMPTION OF ALCOHOLIC BEVERAGES IMPAIRS YOUR ABILITY TO DRIVE A CAR OR OPERATE MACHINERY, AND MAY CAUSE HEALTH PROBLEMS.",wine_reject.png,REJECT
BATCH-COLA-2026-091,EL TEQUILEÑO REPOSADO,TEQUILA REPOSADO,40.0%,80,750 ML,"AGAVE REAL S.A. DE C.V., JALISCO",PRODUCT OF MEXICO,"GOVERNMENT WARNING: (1) ACCORDING TO THE SURGEON GENERAL, WOMEN SHOULD NOT DRINK ALCOHOLIC BEVERAGES DURING PREGNANCY BECAUSE OF THE RISK OF BIRTH DEFECTS. (2) CONSUMPTION OF ALCOHOLIC BEVERAGES IMPAIRS YOUR ABILITY TO DRIVE A CAR OR OPERATE MACHINERY, AND MAY CAUSE HEALTH PROBLEMS.",tequila_review.png,NEEDS REVIEW
BATCH-COLA-2026-092,OAK & HOPS CRAFT IPA,BEER,6.5%,N/A,12 FL OZ,"OAK BREWING CO., PORTLAND, OR",PRODUCT OF USA,"GOVERNMENT WARNING: (1) ACCORDING TO THE SURGEON GENERAL, WOMEN SHOULD NOT DRINK ALCOHOLIC BEVERAGES DURING PREGNANCY BECAUSE OF THE RISK OF BIRTH DEFECTS. (2) CONSUMPTION OF ALCOHOLIC BEVERAGES IMPAIRS YOUR ABILITY TO DRIVE A CAR OR OPERATE MACHINERY, AND MAY CAUSE HEALTH PROBLEMS.",beer_reject.png,REJECT
BATCH-COLA-2026-093,HIGHLAND RESERVE,KENTUCKY STRAIGHT BOURBON WHISKEY,45.0%,90,750 ML,"HIGHLAND DISTILLING CO., LOUISVILLE, KY",PRODUCT OF USA,"GOVERNMENT WARNING: (1) ACCORDING TO THE SURGEON GENERAL, WOMEN SHOULD NOT DRINK ALCOHOLIC BEVERAGES DURING PREGNANCY BECAUSE OF THE RISK OF BIRTH DEFECTS. (2) CONSUMPTION OF ALCOHOLIC BEVERAGES IMPAIRS YOUR ABILITY TO DRIVE A CAR OR OPERATE MACHINERY, AND MAY CAUSE HEALTH PROBLEMS.",whiskey_pass.png,PASS
BATCH-COLA-2026-094,CHATEAU BELLEVIEW,RED WINE,14.8%,N/A,750 ML,"BELLEVIEW VINEYARDS, NAPA, CA",PRODUCT OF USA,"GOVERNMENT WARNING: (1) ACCORDING TO THE SURGEON GENERAL, WOMEN SHOULD NOT DRINK ALCOHOLIC BEVERAGES DURING PREGNANCY BECAUSE OF THE RISK OF BIRTH DEFECTS. (2) CONSUMPTION OF ALCOHOLIC BEVERAGES IMPAIRS YOUR ABILITY TO DRIVE A CAR OR OPERATE MACHINERY, AND MAY CAUSE HEALTH PROBLEMS.",wine_reject.png,REJECT
BATCH-COLA-2026-095,EL TEQUILEÑO REPOSADO,TEQUILA REPOSADO,40.0%,80,750 ML,"AGAVE REAL S.A. DE C.V., JALISCO",PRODUCT OF MEXICO,"GOVERNMENT WARNING: (1) ACCORDING TO THE SURGEON GENERAL, WOMEN SHOULD NOT DRINK ALCOHOLIC BEVERAGES DURING PREGNANCY BECAUSE OF THE RISK OF BIRTH DEFECTS. (2) CONSUMPTION OF ALCOHOLIC BEVERAGES IMPAIRS YOUR ABILITY TO DRIVE A CAR OR OPERATE MACHINERY, AND MAY CAUSE HEALTH PROBLEMS.",tequila_review.png,NEEDS REVIEW
BATCH-COLA-2026-096,OAK & HOPS CRAFT IPA,BEER,6.5%,N/A,12 FL OZ,"OAK BREWING CO., PORTLAND, OR",PRODUCT OF USA,"GOVERNMENT WARNING: (1) ACCORDING TO THE SURGEON GENERAL, WOMEN SHOULD NOT DRINK ALCOHOLIC BEVERAGES DURING PREGNANCY BECAUSE OF THE RISK OF BIRTH DEFECTS. (2) CONSUMPTION OF ALCOHOLIC BEVERAGES IMPAIRS YOUR ABILITY TO DRIVE A CAR OR OPERATE MACHINERY, AND MAY CAUSE HEALTH PROBLEMS.",beer_reject.png,REJECT
BATCH-COLA-2026-097,HIGHLAND RESERVE,KENTUCKY STRAIGHT BOURBON WHISKEY,45.0%,90,750 ML,"HIGHLAND DISTILLING CO., LOUISVILLE, KY",PRODUCT OF USA,"GOVERNMENT WARNING: (1) ACCORDING TO THE SURGEON GENERAL, WOMEN SHOULD NOT DRINK ALCOHOLIC BEVERAGES DURING PREGNANCY BECAUSE OF THE RISK OF BIRTH DEFECTS. (2) CONSUMPTION OF ALCOHOLIC BEVERAGES IMPAIRS YOUR ABILITY TO DRIVE A CAR OR OPERATE MACHINERY, AND MAY CAUSE HEALTH PROBLEMS.",whiskey_pass.png,PASS
BATCH-COLA-2026-098,CHATEAU BELLEVIEW,RED WINE,14.8%,N/A,750 ML,"BELLEVIEW VINEYARDS, NAPA, CA",PRODUCT OF USA,"GOVERNMENT WARNING: (1) ACCORDING TO THE SURGEON GENERAL, WOMEN SHOULD NOT DRINK ALCOHOLIC BEVERAGES DURING PREGNANCY BECAUSE OF THE RISK OF BIRTH DEFECTS. (2) CONSUMPTION OF ALCOHOLIC BEVERAGES IMPAIRS YOUR ABILITY TO DRIVE A CAR OR OPERATE MACHINERY, AND MAY CAUSE HEALTH PROBLEMS.",wine_reject.png,REJECT
BATCH-COLA-2026-099,EL TEQUILEÑO REPOSADO,TEQUILA REPOSADO,40.0%,80,750 ML,"AGAVE REAL S.A. DE C.V., JALISCO",PRODUCT OF MEXICO,"GOVERNMENT WARNING: (1) ACCORDING TO THE SURGEON GENERAL, WOMEN SHOULD NOT DRINK ALCOHOLIC BEVERAGES DURING PREGNANCY BECAUSE OF THE RISK OF BIRTH DEFECTS. (2) CONSUMPTION OF ALCOHOLIC BEVERAGES IMPAIRS YOUR ABILITY TO DRIVE A CAR OR OPERATE MACHINERY, AND MAY CAUSE HEALTH PROBLEMS.",tequila_review.png,NEEDS REVIEW
BATCH-COLA-2026-100,OAK & HOPS CRAFT IPA,BEER,6.5%,N/A,12 FL OZ,"OAK BREWING CO., PORTLAND, OR",PRODUCT OF USA,"GOVERNMENT WARNING: (1) ACCORDING TO THE SURGEON GENERAL, WOMEN SHOULD NOT DRINK ALCOHOLIC BEVERAGES DURING PREGNANCY BECAUSE OF THE RISK OF BIRTH DEFECTS. (2) CONSUMPTION OF ALCOHOLIC BEVERAGES IMPAIRS YOUR ABILITY TO DRIVE A CAR OR OPERATE MACHINERY, AND MAY CAUSE HEALTH PROBLEMS.",beer_reject.png,REJECT
BATCH-COLA-2026-101,HIGHLAND RESERVE,KENTUCKY STRAIGHT BOURBON WHISKEY,45.0%,90,750 ML,"HIGHLAND DISTILLING CO., LOUISVILLE, KY",PRODUCT OF USA,"GOVERNMENT WARNING: (1) ACCORDING TO THE SURGEON GENERAL, WOMEN SHOULD NOT DRINK ALCOHOLIC BEVERAGES DURING PREGNANCY BECAUSE OF THE RISK OF BIRTH DEFECTS. (2) CONSUMPTION OF ALCOHOLIC BEVERAGES IMPAIRS YOUR ABILITY TO DRIVE A CAR OR OPERATE MACHINERY, AND MAY CAUSE HEALTH PROBLEMS.",whiskey_pass.png,PASS
BATCH-COLA-2026-102,CHATEAU BELLEVIEW,RED WINE,14.8%,N/A,750 ML,"BELLEVIEW VINEYARDS, NAPA, CA",PRODUCT OF USA,"GOVERNMENT WARNING: (1) ACCORDING TO THE SURGEON GENERAL, WOMEN SHOULD NOT DRINK ALCOHOLIC BEVERAGES DURING PREGNANCY BECAUSE OF THE RISK OF BIRTH DEFECTS. (2) CONSUMPTION OF ALCOHOLIC BEVERAGES IMPAIRS YOUR ABILITY TO DRIVE A CAR OR OPERATE MACHINERY, AND MAY CAUSE HEALTH PROBLEMS.",wine_reject.png,REJECT
BATCH-COLA-2026-103,EL TEQUILEÑO REPOSADO,TEQUILA REPOSADO,40.0%,80,750 ML,"AGAVE REAL S.A. DE C.V., JALISCO",PRODUCT OF MEXICO,"GOVERNMENT WARNING: (1) ACCORDING TO THE SURGEON GENERAL, WOMEN SHOULD NOT DRINK ALCOHOLIC BEVERAGES DURING PREGNANCY BECAUSE OF THE RISK OF BIRTH DEFECTS. (2) CONSUMPTION OF ALCOHOLIC BEVERAGES IMPAIRS YOUR ABILITY TO DRIVE A CAR OR OPERATE MACHINERY, AND MAY CAUSE HEALTH PROBLEMS.",tequila_review.png,NEEDS REVIEW
BATCH-COLA-2026-104,OAK & HOPS CRAFT IPA,BEER,6.5%,N/A,12 FL OZ,"OAK BREWING CO., PORTLAND, OR",PRODUCT OF USA,"GOVERNMENT WARNING: (1) ACCORDING TO THE SURGEON GENERAL, WOMEN SHOULD NOT DRINK ALCOHOLIC BEVERAGES DURING PREGNANCY BECAUSE OF THE RISK OF BIRTH DEFECTS. (2) CONSUMPTION OF ALCOHOLIC BEVERAGES IMPAIRS YOUR ABILITY TO DRIVE A CAR OR OPERATE MACHINERY, AND MAY CAUSE HEALTH PROBLEMS.",beer_reject.png,REJECT
BATCH-COLA-2026-105,HIGHLAND RESERVE,KENTUCKY STRAIGHT BOURBON WHISKEY,45.0%,90,750 ML,"HIGHLAND DISTILLING CO., LOUISVILLE, KY",PRODUCT OF USA,"GOVERNMENT WARNING: (1) ACCORDING TO THE SURGEON GENERAL, WOMEN SHOULD NOT DRINK ALCOHOLIC BEVERAGES DURING PREGNANCY BECAUSE OF THE RISK OF BIRTH DEFECTS. (2) CONSUMPTION OF ALCOHOLIC BEVERAGES IMPAIRS YOUR ABILITY TO DRIVE A CAR OR OPERATE MACHINERY, AND MAY CAUSE HEALTH PROBLEMS.",whiskey_pass.png,PASS
BATCH-COLA-2026-106,CHATEAU BELLEVIEW,RED WINE,14.8%,N/A,750 ML,"BELLEVIEW VINEYARDS, NAPA, CA",PRODUCT OF USA,"GOVERNMENT WARNING: (1) ACCORDING TO THE SURGEON GENERAL, WOMEN SHOULD NOT DRINK ALCOHOLIC BEVERAGES DURING PREGNANCY BECAUSE OF THE RISK OF BIRTH DEFECTS. (2) CONSUMPTION OF ALCOHOLIC BEVERAGES IMPAIRS YOUR ABILITY TO DRIVE A CAR OR OPERATE MACHINERY, AND MAY CAUSE HEALTH PROBLEMS.",wine_reject.png,REJECT
BATCH-COLA-2026-107,EL TEQUILEÑO REPOSADO,TEQUILA REPOSADO,40.0%,80,750 ML,"AGAVE REAL S.A. DE C.V., JALISCO",PRODUCT OF MEXICO,"GOVERNMENT WARNING: (1) ACCORDING TO THE SURGEON GENERAL, WOMEN SHOULD NOT DRINK ALCOHOLIC BEVERAGES DURING PREGNANCY BECAUSE OF THE RISK OF BIRTH DEFECTS. (2) CONSUMPTION OF ALCOHOLIC BEVERAGES IMPAIRS YOUR ABILITY TO DRIVE A CAR OR OPERATE MACHINERY, AND MAY CAUSE HEALTH PROBLEMS.",tequila_review.png,NEEDS REVIEW
BATCH-COLA-2026-108,OAK & HOPS CRAFT IPA,BEER,6.5%,N/A,12 FL OZ,"OAK BREWING CO., PORTLAND, OR",PRODUCT OF USA,"GOVERNMENT WARNING: (1) ACCORDING TO THE SURGEON GENERAL, WOMEN SHOULD NOT DRINK ALCOHOLIC BEVERAGES DURING PREGNANCY BECAUSE OF THE RISK OF BIRTH DEFECTS. (2) CONSUMPTION OF ALCOHOLIC BEVERAGES IMPAIRS YOUR ABILITY TO DRIVE A CAR OR OPERATE MACHINERY, AND MAY CAUSE HEALTH PROBLEMS.",beer_reject.png,REJECT
BATCH-COLA-2026-109,HIGHLAND RESERVE,KENTUCKY STRAIGHT BOURBON WHISKEY,45.0%,90,750 ML,"HIGHLAND DISTILLING CO., LOUISVILLE, KY",PRODUCT OF USA,"GOVERNMENT WARNING: (1) ACCORDING TO THE SURGEON GENERAL, WOMEN SHOULD NOT DRINK ALCOHOLIC BEVERAGES DURING PREGNANCY BECAUSE OF THE RISK OF BIRTH DEFECTS. (2) CONSUMPTION OF ALCOHOLIC BEVERAGES IMPAIRS YOUR ABILITY TO DRIVE A CAR OR OPERATE MACHINERY, AND MAY CAUSE HEALTH PROBLEMS.",whiskey_pass.png,PASS
BATCH-COLA-2026-110,CHATEAU BELLEVIEW,RED WINE,14.8%,N/A,750 ML,"BELLEVIEW VINEYARDS, NAPA, CA",PRODUCT OF USA,"GOVERNMENT WARNING: (1) ACCORDING TO THE SURGEON GENERAL, WOMEN SHOULD NOT DRINK ALCOHOLIC BEVERAGES DURING PREGNANCY BECAUSE OF THE RISK OF BIRTH DEFECTS. (2) CONSUMPTION OF ALCOHOLIC BEVERAGES IMPAIRS YOUR ABILITY TO DRIVE A CAR OR OPERATE MACHINERY, AND MAY CAUSE HEALTH PROBLEMS.",wine_reject.png,REJECT
BATCH-COLA-2026-111,EL TEQUILEÑO REPOSADO,TEQUILA REPOSADO,40.0%,80,750 ML,"AGAVE REAL S.A. DE C.V., JALISCO",PRODUCT OF MEXICO,"GOVERNMENT WARNING: (1) ACCORDING TO THE SURGEON GENERAL, WOMEN SHOULD NOT DRINK ALCOHOLIC BEVERAGES DURING PREGNANCY BECAUSE OF THE RISK OF BIRTH DEFECTS. (2) CONSUMPTION OF ALCOHOLIC BEVERAGES IMPAIRS YOUR ABILITY TO DRIVE A CAR OR OPERATE MACHINERY, AND MAY CAUSE HEALTH PROBLEMS.",tequila_review.png,NEEDS REVIEW
BATCH-COLA-2026-112,OAK & HOPS CRAFT IPA,BEER,6.5%,N/A,12 FL OZ,"OAK BREWING CO., PORTLAND, OR",PRODUCT OF USA,"GOVERNMENT WARNING: (1) ACCORDING TO THE SURGEON GENERAL, WOMEN SHOULD NOT DRINK ALCOHOLIC BEVERAGES DURING PREGNANCY BECAUSE OF THE RISK OF BIRTH DEFECTS. (2) CONSUMPTION OF ALCOHOLIC BEVERAGES IMPAIRS YOUR ABILITY TO DRIVE A CAR OR OPERATE MACHINERY, AND MAY CAUSE HEALTH PROBLEMS.",beer_reject.png,REJECT
BATCH-COLA-2026-113,HIGHLAND RESERVE,KENTUCKY STRAIGHT BOURBON WHISKEY,45.0%,90,750 ML,"HIGHLAND DISTILLING CO., LOUISVILLE, KY",PRODUCT OF USA,"GOVERNMENT WARNING: (1) ACCORDING TO THE SURGEON GENERAL, WOMEN SHOULD NOT DRINK ALCOHOLIC BEVERAGES DURING PREGNANCY BECAUSE OF THE RISK OF BIRTH DEFECTS. (2) CONSUMPTION OF ALCOHOLIC BEVERAGES IMPAIRS YOUR ABILITY TO DRIVE A CAR OR OPERATE MACHINERY, AND MAY CAUSE HEALTH PROBLEMS.",whiskey_pass.png,PASS
BATCH-COLA-2026-114,CHATEAU BELLEVIEW,RED WINE,14.8%,N/A,750 ML,"BELLEVIEW VINEYARDS, NAPA, CA",PRODUCT OF USA,"GOVERNMENT WARNING: (1) ACCORDING TO THE SURGEON GENERAL, WOMEN SHOULD NOT DRINK ALCOHOLIC BEVERAGES DURING PREGNANCY BECAUSE OF THE RISK OF BIRTH DEFECTS. (2) CONSUMPTION OF ALCOHOLIC BEVERAGES IMPAIRS YOUR ABILITY TO DRIVE A CAR OR OPERATE MACHINERY, AND MAY CAUSE HEALTH PROBLEMS.",wine_reject.png,REJECT
BATCH-COLA-2026-115,EL TEQUILEÑO REPOSADO,TEQUILA REPOSADO,40.0%,80,750 ML,"AGAVE REAL S.A. DE C.V., JALISCO",PRODUCT OF MEXICO,"GOVERNMENT WARNING: (1) ACCORDING TO THE SURGEON GENERAL, WOMEN SHOULD NOT DRINK ALCOHOLIC BEVERAGES DURING PREGNANCY BECAUSE OF THE RISK OF BIRTH DEFECTS. (2) CONSUMPTION OF ALCOHOLIC BEVERAGES IMPAIRS YOUR ABILITY TO DRIVE A CAR OR OPERATE MACHINERY, AND MAY CAUSE HEALTH PROBLEMS.",tequila_review.png,NEEDS REVIEW
BATCH-COLA-2026-116,OAK & HOPS CRAFT IPA,BEER,6.5%,N/A,12 FL OZ,"OAK BREWING CO., PORTLAND, OR",PRODUCT OF USA,"GOVERNMENT WARNING: (1) ACCORDING TO THE SURGEON GENERAL, WOMEN SHOULD NOT DRINK ALCOHOLIC BEVERAGES DURING PREGNANCY BECAUSE OF THE RISK OF BIRTH DEFECTS. (2) CONSUMPTION OF ALCOHOLIC BEVERAGES IMPAIRS YOUR ABILITY TO DRIVE A CAR OR OPERATE MACHINERY, AND MAY CAUSE HEALTH PROBLEMS.",beer_reject.png,REJECT
BATCH-COLA-2026-117,HIGHLAND RESERVE,KENTUCKY STRAIGHT BOURBON WHISKEY,45.0%,90,750 ML,"HIGHLAND DISTILLING CO., LOUISVILLE, KY",PRODUCT OF USA,"GOVERNMENT WARNING: (1) ACCORDING TO THE SURGEON GENERAL, WOMEN SHOULD NOT DRINK ALCOHOLIC BEVERAGES DURING PREGNANCY BECAUSE OF THE RISK OF BIRTH DEFECTS. (2) CONSUMPTION OF ALCOHOLIC BEVERAGES IMPAIRS YOUR ABILITY TO DRIVE A CAR OR OPERATE MACHINERY, AND MAY CAUSE HEALTH PROBLEMS.",whiskey_pass.png,PASS
BATCH-COLA-2026-118,CHATEAU BELLEVIEW,RED WINE,14.8%,N/A,750 ML,"BELLEVIEW VINEYARDS, NAPA, CA",PRODUCT OF USA,"GOVERNMENT WARNING: (1) ACCORDING TO THE SURGEON GENERAL, WOMEN SHOULD NOT DRINK ALCOHOLIC BEVERAGES DURING PREGNANCY BECAUSE OF THE RISK OF BIRTH DEFECTS. (2) CONSUMPTION OF ALCOHOLIC BEVERAGES IMPAIRS YOUR ABILITY TO DRIVE A CAR OR OPERATE MACHINERY, AND MAY CAUSE HEALTH PROBLEMS.",wine_reject.png,REJECT
BATCH-COLA-2026-119,EL TEQUILEÑO REPOSADO,TEQUILA REPOSADO,40.0%,80,750 ML,"AGAVE REAL S.A. DE C.V., JALISCO",PRODUCT OF MEXICO,"GOVERNMENT WARNING: (1) ACCORDING TO THE SURGEON GENERAL, WOMEN SHOULD NOT DRINK ALCOHOLIC BEVERAGES DURING PREGNANCY BECAUSE OF THE RISK OF BIRTH DEFECTS. (2) CONSUMPTION OF ALCOHOLIC BEVERAGES IMPAIRS YOUR ABILITY TO DRIVE A CAR OR OPERATE MACHINERY, AND MAY CAUSE HEALTH PROBLEMS.",tequila_review.png,NEEDS REVIEW
BATCH-COLA-2026-120,OAK & HOPS CRAFT IPA,BEER,6.5%,N/A,12 FL OZ,"OAK BREWING CO., PORTLAND, OR",PRODUCT OF USA,"GOVERNMENT WARNING: (1) ACCORDING TO THE SURGEON GENERAL, WOMEN SHOULD NOT DRINK ALCOHOLIC BEVERAGES DURING PREGNANCY BECAUSE OF THE RISK OF BIRTH DEFECTS. (2) CONSUMPTION OF ALCOHOLIC BEVERAGES IMPAIRS YOUR ABILITY TO DRIVE A CAR OR OPERATE MACHINERY, AND MAY CAUSE HEALTH PROBLEMS.",beer_reject.png,REJECT
BATCH-COLA-2026-121,HIGHLAND RESERVE,KENTUCKY STRAIGHT BOURBON WHISKEY,45.0%,90,750 ML,"HIGHLAND DISTILLING CO., LOUISVILLE, KY",PRODUCT OF USA,"GOVERNMENT WARNING: (1) ACCORDING TO THE SURGEON GENERAL, WOMEN SHOULD NOT DRINK ALCOHOLIC BEVERAGES DURING PREGNANCY BECAUSE OF THE RISK OF BIRTH DEFECTS. (2) CONSUMPTION OF ALCOHOLIC BEVERAGES IMPAIRS YOUR ABILITY TO DRIVE A CAR OR OPERATE MACHINERY, AND MAY CAUSE HEALTH PROBLEMS.",whiskey_pass.png,PASS
BATCH-COLA-2026-122,CHATEAU BELLEVIEW,RED WINE,14.8%,N/A,750 ML,"BELLEVIEW VINEYARDS, NAPA, CA",PRODUCT OF USA,"GOVERNMENT WARNING: (1) ACCORDING TO THE SURGEON GENERAL, WOMEN SHOULD NOT DRINK ALCOHOLIC BEVERAGES DURING PREGNANCY BECAUSE OF THE RISK OF BIRTH DEFECTS. (2) CONSUMPTION OF ALCOHOLIC BEVERAGES IMPAIRS YOUR ABILITY TO DRIVE A CAR OR OPERATE MACHINERY, AND MAY CAUSE HEALTH PROBLEMS.",wine_reject.png,REJECT
BATCH-COLA-2026-123,EL TEQUILEÑO REPOSADO,TEQUILA REPOSADO,40.0%,80,750 ML,"AGAVE REAL S.A. DE C.V., JALISCO",PRODUCT OF MEXICO,"GOVERNMENT WARNING: (1) ACCORDING TO THE SURGEON GENERAL, WOMEN SHOULD NOT DRINK ALCOHOLIC BEVERAGES DURING PREGNANCY BECAUSE OF THE RISK OF BIRTH DEFECTS. (2) CONSUMPTION OF ALCOHOLIC BEVERAGES IMPAIRS YOUR ABILITY TO DRIVE A CAR OR OPERATE MACHINERY, AND MAY CAUSE HEALTH PROBLEMS.",tequila_review.png,NEEDS REVIEW
BATCH-COLA-2026-124,OAK & HOPS CRAFT IPA,BEER,6.5%,N/A,12 FL OZ,"OAK BREWING CO., PORTLAND, OR",PRODUCT OF USA,"GOVERNMENT WARNING: (1) ACCORDING TO THE SURGEON GENERAL, WOMEN SHOULD NOT DRINK ALCOHOLIC BEVERAGES DURING PREGNANCY BECAUSE OF THE RISK OF BIRTH DEFECTS. (2) CONSUMPTION OF ALCOHOLIC BEVERAGES IMPAIRS YOUR ABILITY TO DRIVE A CAR OR OPERATE MACHINERY, AND MAY CAUSE HEALTH PROBLEMS.",beer_reject.png,REJECT
BATCH-COLA-2026-125,HIGHLAND RESERVE,KENTUCKY STRAIGHT BOURBON WHISKEY,45.0%,90,750 ML,"HIGHLAND DISTILLING CO., LOUISVILLE, KY",PRODUCT OF USA,"GOVERNMENT WARNING: (1) ACCORDING TO THE SURGEON GENERAL, WOMEN SHOULD NOT DRINK ALCOHOLIC BEVERAGES DURING PREGNANCY BECAUSE OF THE RISK OF BIRTH DEFECTS. (2) CONSUMPTION OF ALCOHOLIC BEVERAGES IMPAIRS YOUR ABILITY TO DRIVE A CAR OR OPERATE MACHINERY, AND MAY CAUSE HEALTH PROBLEMS.",whiskey_pass.png,PASS
BATCH-COLA-2026-126,CHATEAU BELLEVIEW,RED WINE,14.8%,N/A,750 ML,"BELLEVIEW VINEYARDS, NAPA, CA",PRODUCT OF USA,"GOVERNMENT WARNING: (1) ACCORDING TO THE SURGEON GENERAL, WOMEN SHOULD NOT DRINK ALCOHOLIC BEVERAGES DURING PREGNANCY BECAUSE OF THE RISK OF BIRTH DEFECTS. (2) CONSUMPTION OF ALCOHOLIC BEVERAGES IMPAIRS YOUR ABILITY TO DRIVE A CAR OR OPERATE MACHINERY, AND MAY CAUSE HEALTH PROBLEMS.",wine_reject.png,REJECT
BATCH-COLA-2026-127,EL TEQUILEÑO REPOSADO,TEQUILA REPOSADO,40.0%,80,750 ML,"AGAVE REAL S.A. DE C.V., JALISCO",PRODUCT OF MEXICO,"GOVERNMENT WARNING: (1) ACCORDING TO THE SURGEON GENERAL, WOMEN SHOULD NOT DRINK ALCOHOLIC BEVERAGES DURING PREGNANCY BECAUSE OF THE RISK OF BIRTH DEFECTS. (2) CONSUMPTION OF ALCOHOLIC BEVERAGES IMPAIRS YOUR ABILITY TO DRIVE A CAR OR OPERATE MACHINERY, AND MAY CAUSE HEALTH PROBLEMS.",tequila_review.png,NEEDS REVIEW
BATCH-COLA-2026-128,OAK & HOPS CRAFT IPA,BEER,6.5%,N/A,12 FL OZ,"OAK BREWING CO., PORTLAND, OR",PRODUCT OF USA,"GOVERNMENT WARNING: (1) ACCORDING TO THE SURGEON GENERAL, WOMEN SHOULD NOT DRINK ALCOHOLIC BEVERAGES DURING PREGNANCY BECAUSE OF THE RISK OF BIRTH DEFECTS. (2) CONSUMPTION OF ALCOHOLIC BEVERAGES IMPAIRS YOUR ABILITY TO DRIVE A CAR OR OPERATE MACHINERY, AND MAY CAUSE HEALTH PROBLEMS.",beer_reject.png,REJECT
BATCH-COLA-2026-129,HIGHLAND RESERVE,KENTUCKY STRAIGHT BOURBON WHISKEY,45.0%,90,750 ML,"HIGHLAND DISTILLING CO., LOUISVILLE, KY",PRODUCT OF USA,"GOVERNMENT WARNING: (1) ACCORDING TO THE SURGEON GENERAL, WOMEN SHOULD NOT DRINK ALCOHOLIC BEVERAGES DURING PREGNANCY BECAUSE OF THE RISK OF BIRTH DEFECTS. (2) CONSUMPTION OF ALCOHOLIC BEVERAGES IMPAIRS YOUR ABILITY TO DRIVE A CAR OR OPERATE MACHINERY, AND MAY CAUSE HEALTH PROBLEMS.",whiskey_pass.png,PASS
BATCH-COLA-2026-130,CHATEAU BELLEVIEW,RED WINE,14.8%,N/A,750 ML,"BELLEVIEW VINEYARDS, NAPA, CA",PRODUCT OF USA,"GOVERNMENT WARNING: (1) ACCORDING TO THE SURGEON GENERAL, WOMEN SHOULD NOT DRINK ALCOHOLIC BEVERAGES DURING PREGNANCY BECAUSE OF THE RISK OF BIRTH DEFECTS. (2) CONSUMPTION OF ALCOHOLIC BEVERAGES IMPAIRS YOUR ABILITY TO DRIVE A CAR OR OPERATE MACHINERY, AND MAY CAUSE HEALTH PROBLEMS.",wine_reject.png,REJECT
BATCH-COLA-2026-131,EL TEQUILEÑO REPOSADO,TEQUILA REPOSADO,40.0%,80,750 ML,"AGAVE REAL S.A. DE C.V., JALISCO",PRODUCT OF MEXICO,"GOVERNMENT WARNING: (1) ACCORDING TO THE SURGEON GENERAL, WOMEN SHOULD NOT DRINK ALCOHOLIC BEVERAGES DURING PREGNANCY BECAUSE OF THE RISK OF BIRTH DEFECTS. (2) CONSUMPTION OF ALCOHOLIC BEVERAGES IMPAIRS YOUR ABILITY TO DRIVE A CAR OR OPERATE MACHINERY, AND MAY CAUSE HEALTH PROBLEMS.",tequila_review.png,NEEDS REVIEW
BATCH-COLA-2026-132,OAK & HOPS CRAFT IPA,BEER,6.5%,N/A,12 FL OZ,"OAK BREWING CO., PORTLAND, OR",PRODUCT OF USA,"GOVERNMENT WARNING: (1) ACCORDING TO THE SURGEON GENERAL, WOMEN SHOULD NOT DRINK ALCOHOLIC BEVERAGES DURING PREGNANCY BECAUSE OF THE RISK OF BIRTH DEFECTS. (2) CONSUMPTION OF ALCOHOLIC BEVERAGES IMPAIRS YOUR ABILITY TO DRIVE A CAR OR OPERATE MACHINERY, AND MAY CAUSE HEALTH PROBLEMS.",beer_reject.png,REJECT
BATCH-COLA-2026-133,HIGHLAND RESERVE,KENTUCKY STRAIGHT BOURBON WHISKEY,45.0%,90,750 ML,"HIGHLAND DISTILLING CO., LOUISVILLE, KY",PRODUCT OF USA,"GOVERNMENT WARNING: (1) ACCORDING TO THE SURGEON GENERAL, WOMEN SHOULD NOT DRINK ALCOHOLIC BEVERAGES DURING PREGNANCY BECAUSE OF THE RISK OF BIRTH DEFECTS. (2) CONSUMPTION OF ALCOHOLIC BEVERAGES IMPAIRS YOUR ABILITY TO DRIVE A CAR OR OPERATE MACHINERY, AND MAY CAUSE HEALTH PROBLEMS.",whiskey_pass.png,PASS
BATCH-COLA-2026-134,CHATEAU BELLEVIEW,RED WINE,14.8%,N/A,750 ML,"BELLEVIEW VINEYARDS, NAPA, CA",PRODUCT OF USA,"GOVERNMENT WARNING: (1) ACCORDING TO THE SURGEON GENERAL, WOMEN SHOULD NOT DRINK ALCOHOLIC BEVERAGES DURING PREGNANCY BECAUSE OF THE RISK OF BIRTH DEFECTS. (2) CONSUMPTION OF ALCOHOLIC BEVERAGES IMPAIRS YOUR ABILITY TO DRIVE A CAR OR OPERATE MACHINERY, AND MAY CAUSE HEALTH PROBLEMS.",wine_reject.png,REJECT
BATCH-COLA-2026-135,EL TEQUILEÑO REPOSADO,TEQUILA REPOSADO,40.0%,80,750 ML,"AGAVE REAL S.A. DE C.V., JALISCO",PRODUCT OF MEXICO,"GOVERNMENT WARNING: (1) ACCORDING TO THE SURGEON GENERAL, WOMEN SHOULD NOT DRINK ALCOHOLIC BEVERAGES DURING PREGNANCY BECAUSE OF THE RISK OF BIRTH DEFECTS. (2) CONSUMPTION OF ALCOHOLIC BEVERAGES IMPAIRS YOUR ABILITY TO DRIVE A CAR OR OPERATE MACHINERY, AND MAY CAUSE HEALTH PROBLEMS.",tequila_review.png,NEEDS REVIEW
BATCH-COLA-2026-136,OAK & HOPS CRAFT IPA,BEER,6.5%,N/A,12 FL OZ,"OAK BREWING CO., PORTLAND, OR",PRODUCT OF USA,"GOVERNMENT WARNING: (1) ACCORDING TO THE SURGEON GENERAL, WOMEN SHOULD NOT DRINK ALCOHOLIC BEVERAGES DURING PREGNANCY BECAUSE OF THE RISK OF BIRTH DEFECTS. (2) CONSUMPTION OF ALCOHOLIC BEVERAGES IMPAIRS YOUR ABILITY TO DRIVE A CAR OR OPERATE MACHINERY, AND MAY CAUSE HEALTH PROBLEMS.",beer_reject.png,REJECT
BATCH-COLA-2026-137,HIGHLAND RESERVE,KENTUCKY STRAIGHT BOURBON WHISKEY,45.0%,90,750 ML,"HIGHLAND DISTILLING CO., LOUISVILLE, KY",PRODUCT OF USA,"GOVERNMENT WARNING: (1) ACCORDING TO THE SURGEON GENERAL, WOMEN SHOULD NOT DRINK ALCOHOLIC BEVERAGES DURING PREGNANCY BECAUSE OF THE RISK OF BIRTH DEFECTS. (2) CONSUMPTION OF ALCOHOLIC BEVERAGES IMPAIRS YOUR ABILITY TO DRIVE A CAR OR OPERATE MACHINERY, AND MAY CAUSE HEALTH PROBLEMS.",whiskey_pass.png,PASS
BATCH-COLA-2026-138,CHATEAU BELLEVIEW,RED WINE,14.8%,N/A,750 ML,"BELLEVIEW VINEYARDS, NAPA, CA",PRODUCT OF USA,"GOVERNMENT WARNING: (1) ACCORDING TO THE SURGEON GENERAL, WOMEN SHOULD NOT DRINK ALCOHOLIC BEVERAGES DURING PREGNANCY BECAUSE OF THE RISK OF BIRTH DEFECTS. (2) CONSUMPTION OF ALCOHOLIC BEVERAGES IMPAIRS YOUR ABILITY TO DRIVE A CAR OR OPERATE MACHINERY, AND MAY CAUSE HEALTH PROBLEMS.",wine_reject.png,REJECT
BATCH-COLA-2026-139,EL TEQUILEÑO REPOSADO,TEQUILA REPOSADO,40.0%,80,750 ML,"AGAVE REAL S.A. DE C.V., JALISCO",PRODUCT OF MEXICO,"GOVERNMENT WARNING: (1) ACCORDING TO THE SURGEON GENERAL, WOMEN SHOULD NOT DRINK ALCOHOLIC BEVERAGES DURING PREGNANCY BECAUSE OF THE RISK OF BIRTH DEFECTS. (2) CONSUMPTION OF ALCOHOLIC BEVERAGES IMPAIRS YOUR ABILITY TO DRIVE A CAR OR OPERATE MACHINERY, AND MAY CAUSE HEALTH PROBLEMS.",tequila_review.png,NEEDS REVIEW
BATCH-COLA-2026-140,OAK & HOPS CRAFT IPA,BEER,6.5%,N/A,12 FL OZ,"OAK BREWING CO., PORTLAND, OR",PRODUCT OF USA,"GOVERNMENT WARNING: (1) ACCORDING TO THE SURGEON GENERAL, WOMEN SHOULD NOT DRINK ALCOHOLIC BEVERAGES DURING PREGNANCY BECAUSE OF THE RISK OF BIRTH DEFECTS. (2) CONSUMPTION OF ALCOHOLIC BEVERAGES IMPAIRS YOUR ABILITY TO DRIVE A CAR OR OPERATE MACHINERY, AND MAY CAUSE HEALTH PROBLEMS.",beer_reject.png,REJECT
BATCH-COLA-2026-141,HIGHLAND RESERVE,KENTUCKY STRAIGHT BOURBON WHISKEY,45.0%,90,750 ML,"HIGHLAND DISTILLING CO., LOUISVILLE, KY",PRODUCT OF USA,"GOVERNMENT WARNING: (1) ACCORDING TO THE SURGEON GENERAL, WOMEN SHOULD NOT DRINK ALCOHOLIC BEVERAGES DURING PREGNANCY BECAUSE OF THE RISK OF BIRTH DEFECTS. (2) CONSUMPTION OF ALCOHOLIC BEVERAGES IMPAIRS YOUR ABILITY TO DRIVE A CAR OR OPERATE MACHINERY, AND MAY CAUSE HEALTH PROBLEMS.",whiskey_pass.png,PASS
BATCH-COLA-2026-142,CHATEAU BELLEVIEW,RED WINE,14.8%,N/A,750 ML,"BELLEVIEW VINEYARDS, NAPA, CA",PRODUCT OF USA,"GOVERNMENT WARNING: (1) ACCORDING TO THE SURGEON GENERAL, WOMEN SHOULD NOT DRINK ALCOHOLIC BEVERAGES DURING PREGNANCY BECAUSE OF THE RISK OF BIRTH DEFECTS. (2) CONSUMPTION OF ALCOHOLIC BEVERAGES IMPAIRS YOUR ABILITY TO DRIVE A CAR OR OPERATE MACHINERY, AND MAY CAUSE HEALTH PROBLEMS.",wine_reject.png,REJECT
BATCH-COLA-2026-143,EL TEQUILEÑO REPOSADO,TEQUILA REPOSADO,40.0%,80,750 ML,"AGAVE REAL S.A. DE C.V., JALISCO",PRODUCT OF MEXICO,"GOVERNMENT WARNING: (1) ACCORDING TO THE SURGEON GENERAL, WOMEN SHOULD NOT DRINK ALCOHOLIC BEVERAGES DURING PREGNANCY BECAUSE OF THE RISK OF BIRTH DEFECTS. (2) CONSUMPTION OF ALCOHOLIC BEVERAGES IMPAIRS YOUR ABILITY TO DRIVE A CAR OR OPERATE MACHINERY, AND MAY CAUSE HEALTH PROBLEMS.",tequila_review.png,NEEDS REVIEW
BATCH-COLA-2026-144,OAK & HOPS CRAFT IPA,BEER,6.5%,N/A,12 FL OZ,"OAK BREWING CO., PORTLAND, OR",PRODUCT OF USA,"GOVERNMENT WARNING: (1) ACCORDING TO THE SURGEON GENERAL, WOMEN SHOULD NOT DRINK ALCOHOLIC BEVERAGES DURING PREGNANCY BECAUSE OF THE RISK OF BIRTH DEFECTS. (2) CONSUMPTION OF ALCOHOLIC BEVERAGES IMPAIRS YOUR ABILITY TO DRIVE A CAR OR OPERATE MACHINERY, AND MAY CAUSE HEALTH PROBLEMS.",beer_reject.png,REJECT
BATCH-COLA-2026-145,HIGHLAND RESERVE,KENTUCKY STRAIGHT BOURBON WHISKEY,45.0%,90,750 ML,"HIGHLAND DISTILLING CO., LOUISVILLE, KY",PRODUCT OF USA,"GOVERNMENT WARNING: (1) ACCORDING TO THE SURGEON GENERAL, WOMEN SHOULD NOT DRINK ALCOHOLIC BEVERAGES DURING PREGNANCY BECAUSE OF THE RISK OF BIRTH DEFECTS. (2) CONSUMPTION OF ALCOHOLIC BEVERAGES IMPAIRS YOUR ABILITY TO DRIVE A CAR OR OPERATE MACHINERY, AND MAY CAUSE HEALTH PROBLEMS.",whiskey_pass.png,PASS
BATCH-COLA-2026-146,CHATEAU BELLEVIEW,RED WINE,14.8%,N/A,750 ML,"BELLEVIEW VINEYARDS, NAPA, CA",PRODUCT OF USA,"GOVERNMENT WARNING: (1) ACCORDING TO THE SURGEON GENERAL, WOMEN SHOULD NOT DRINK ALCOHOLIC BEVERAGES DURING PREGNANCY BECAUSE OF THE RISK OF BIRTH DEFECTS. (2) CONSUMPTION OF ALCOHOLIC BEVERAGES IMPAIRS YOUR ABILITY TO DRIVE A CAR OR OPERATE MACHINERY, AND MAY CAUSE HEALTH PROBLEMS.",wine_reject.png,REJECT
BATCH-COLA-2026-147,EL TEQUILEÑO REPOSADO,TEQUILA REPOSADO,40.0%,80,750 ML,"AGAVE REAL S.A. DE C.V., JALISCO",PRODUCT OF MEXICO,"GOVERNMENT WARNING: (1) ACCORDING TO THE SURGEON GENERAL, WOMEN SHOULD NOT DRINK ALCOHOLIC BEVERAGES DURING PREGNANCY BECAUSE OF THE RISK OF BIRTH DEFECTS. (2) CONSUMPTION OF ALCOHOLIC BEVERAGES IMPAIRS YOUR ABILITY TO DRIVE A CAR OR OPERATE MACHINERY, AND MAY CAUSE HEALTH PROBLEMS.",tequila_review.png,NEEDS REVIEW
BATCH-COLA-2026-148,OAK & HOPS CRAFT IPA,BEER,6.5%,N/A,12 FL OZ,"OAK BREWING CO., PORTLAND, OR",PRODUCT OF USA,"GOVERNMENT WARNING: (1) ACCORDING TO THE SURGEON GENERAL, WOMEN SHOULD NOT DRINK ALCOHOLIC BEVERAGES DURING PREGNANCY BECAUSE OF THE RISK OF BIRTH DEFECTS. (2) CONSUMPTION OF ALCOHOLIC BEVERAGES IMPAIRS YOUR ABILITY TO DRIVE A CAR OR OPERATE MACHINERY, AND MAY CAUSE HEALTH PROBLEMS.",beer_reject.png,REJECT
BATCH-COLA-2026-149,HIGHLAND RESERVE,KENTUCKY STRAIGHT BOURBON WHISKEY,45.0%,90,750 ML,"HIGHLAND DISTILLING CO., LOUISVILLE, KY",PRODUCT OF USA,"GOVERNMENT WARNING: (1) ACCORDING TO THE SURGEON GENERAL, WOMEN SHOULD NOT DRINK ALCOHOLIC BEVERAGES DURING PREGNANCY BECAUSE OF THE RISK OF BIRTH DEFECTS. (2) CONSUMPTION OF ALCOHOLIC BEVERAGES IMPAIRS YOUR ABILITY TO DRIVE A CAR OR OPERATE MACHINERY, AND MAY CAUSE HEALTH PROBLEMS.",whiskey_pass.png,PASS
BATCH-COLA-2026-150,CHATEAU BELLEVIEW,RED WINE,14.8%,N/A,750 ML,"BELLEVIEW VINEYARDS, NAPA, CA",PRODUCT OF USA,"GOVERNMENT WARNING: (1) ACCORDING TO THE SURGEON GENERAL, WOMEN SHOULD NOT DRINK ALCOHOLIC BEVERAGES DURING PREGNANCY BECAUSE OF THE RISK OF BIRTH DEFECTS. (2) CONSUMPTION OF ALCOHOLIC BEVERAGES IMPAIRS YOUR ABILITY TO DRIVE A CAR OR OPERATE MACHINERY, AND MAY CAUSE HEALTH PROBLEMS.",wine_reject.png,REJECT
BATCH-COLA-2026-151,EL TEQUILEÑO REPOSADO,TEQUILA REPOSADO,40.0%,80,750 ML,"AGAVE REAL S.A. DE C.V., JALISCO",PRODUCT OF MEXICO,"GOVERNMENT WARNING: (1) ACCORDING TO THE SURGEON GENERAL, WOMEN SHOULD NOT DRINK ALCOHOLIC BEVERAGES DURING PREGNANCY BECAUSE OF THE RISK OF BIRTH DEFECTS. (2) CONSUMPTION OF ALCOHOLIC BEVERAGES IMPAIRS YOUR ABILITY TO DRIVE A CAR OR OPERATE MACHINERY, AND MAY CAUSE HEALTH PROBLEMS.",tequila_review.png,NEEDS REVIEW
BATCH-COLA-2026-152,OAK & HOPS CRAFT IPA,BEER,6.5%,N/A,12 FL OZ,"OAK BREWING CO., PORTLAND, OR",PRODUCT OF USA,"GOVERNMENT WARNING: (1) ACCORDING TO THE SURGEON GENERAL, WOMEN SHOULD NOT DRINK ALCOHOLIC BEVERAGES DURING PREGNANCY BECAUSE OF THE RISK OF BIRTH DEFECTS. (2) CONSUMPTION OF ALCOHOLIC BEVERAGES IMPAIRS YOUR ABILITY TO DRIVE A CAR OR OPERATE MACHINERY, AND MAY CAUSE HEALTH PROBLEMS.",beer_reject.png,REJECT
BATCH-COLA-2026-153,HIGHLAND RESERVE,KENTUCKY STRAIGHT BOURBON WHISKEY,45.0%,90,750 ML,"HIGHLAND DISTILLING CO., LOUISVILLE, KY",PRODUCT OF USA,"GOVERNMENT WARNING: (1) ACCORDING TO THE SURGEON GENERAL, WOMEN SHOULD NOT DRINK ALCOHOLIC BEVERAGES DURING PREGNANCY BECAUSE OF THE RISK OF BIRTH DEFECTS. (2) CONSUMPTION OF ALCOHOLIC BEVERAGES IMPAIRS YOUR ABILITY TO DRIVE A CAR OR OPERATE MACHINERY, AND MAY CAUSE HEALTH PROBLEMS.",whiskey_pass.png,PASS
BATCH-COLA-2026-154,CHATEAU BELLEVIEW,RED WINE,14.8%,N/A,750 ML,"BELLEVIEW VINEYARDS, NAPA, CA",PRODUCT OF USA,"GOVERNMENT WARNING: (1) ACCORDING TO THE SURGEON GENERAL, WOMEN SHOULD NOT DRINK ALCOHOLIC BEVERAGES DURING PREGNANCY BECAUSE OF THE RISK OF BIRTH DEFECTS. (2) CONSUMPTION OF ALCOHOLIC BEVERAGES IMPAIRS YOUR ABILITY TO DRIVE A CAR OR OPERATE MACHINERY, AND MAY CAUSE HEALTH PROBLEMS.",wine_reject.png,REJECT
BATCH-COLA-2026-155,EL TEQUILEÑO REPOSADO,TEQUILA REPOSADO,40.0%,80,750 ML,"AGAVE REAL S.A. DE C.V., JALISCO",PRODUCT OF MEXICO,"GOVERNMENT WARNING: (1) ACCORDING TO THE SURGEON GENERAL, WOMEN SHOULD NOT DRINK ALCOHOLIC BEVERAGES DURING PREGNANCY BECAUSE OF THE RISK OF BIRTH DEFECTS. (2) CONSUMPTION OF ALCOHOLIC BEVERAGES IMPAIRS YOUR ABILITY TO DRIVE A CAR OR OPERATE MACHINERY, AND MAY CAUSE HEALTH PROBLEMS.",tequila_review.png,NEEDS REVIEW
BATCH-COLA-2026-156,OAK & HOPS CRAFT IPA,BEER,6.5%,N/A,12 FL OZ,"OAK BREWING CO., PORTLAND, OR",PRODUCT OF USA,"GOVERNMENT WARNING: (1) ACCORDING TO THE SURGEON GENERAL, WOMEN SHOULD NOT DRINK ALCOHOLIC BEVERAGES DURING PREGNANCY BECAUSE OF THE RISK OF BIRTH DEFECTS. (2) CONSUMPTION OF ALCOHOLIC BEVERAGES IMPAIRS YOUR ABILITY TO DRIVE A CAR OR OPERATE MACHINERY, AND MAY CAUSE HEALTH PROBLEMS.",beer_reject.png,REJECT
BATCH-COLA-2026-157,HIGHLAND RESERVE,KENTUCKY STRAIGHT BOURBON WHISKEY,45.0%,90,750 ML,"HIGHLAND DISTILLING CO., LOUISVILLE, KY",PRODUCT OF USA,"GOVERNMENT WARNING: (1) ACCORDING TO THE SURGEON GENERAL, WOMEN SHOULD NOT DRINK ALCOHOLIC BEVERAGES DURING PREGNANCY BECAUSE OF THE RISK OF BIRTH DEFECTS. (2) CONSUMPTION OF ALCOHOLIC BEVERAGES IMPAIRS YOUR ABILITY TO DRIVE A CAR OR OPERATE MACHINERY, AND MAY CAUSE HEALTH PROBLEMS.",whiskey_pass.png,PASS
BATCH-COLA-2026-158,CHATEAU BELLEVIEW,RED WINE,14.8%,N/A,750 ML,"BELLEVIEW VINEYARDS, NAPA, CA",PRODUCT OF USA,"GOVERNMENT WARNING: (1) ACCORDING TO THE SURGEON GENERAL, WOMEN SHOULD NOT DRINK ALCOHOLIC BEVERAGES DURING PREGNANCY BECAUSE OF THE RISK OF BIRTH DEFECTS. (2) CONSUMPTION OF ALCOHOLIC BEVERAGES IMPAIRS YOUR ABILITY TO DRIVE A CAR OR OPERATE MACHINERY, AND MAY CAUSE HEALTH PROBLEMS.",wine_reject.png,REJECT
BATCH-COLA-2026-159,EL TEQUILEÑO REPOSADO,TEQUILA REPOSADO,40.0%,80,750 ML,"AGAVE REAL S.A. DE C.V., JALISCO",PRODUCT OF MEXICO,"GOVERNMENT WARNING: (1) ACCORDING TO THE SURGEON GENERAL, WOMEN SHOULD NOT DRINK ALCOHOLIC BEVERAGES DURING PREGNANCY BECAUSE OF THE RISK OF BIRTH DEFECTS. (2) CONSUMPTION OF ALCOHOLIC BEVERAGES IMPAIRS YOUR ABILITY TO DRIVE A CAR OR OPERATE MACHINERY, AND MAY CAUSE HEALTH PROBLEMS.",tequila_review.png,NEEDS REVIEW
BATCH-COLA-2026-160,OAK & HOPS CRAFT IPA,BEER,6.5%,N/A,12 FL OZ,"OAK BREWING CO., PORTLAND, OR",PRODUCT OF USA,"GOVERNMENT WARNING: (1) ACCORDING TO THE SURGEON GENERAL, WOMEN SHOULD NOT DRINK ALCOHOLIC BEVERAGES DURING PREGNANCY BECAUSE OF THE RISK OF BIRTH DEFECTS. (2) CONSUMPTION OF ALCOHOLIC BEVERAGES IMPAIRS YOUR ABILITY TO DRIVE A CAR OR OPERATE MACHINERY, AND MAY CAUSE HEALTH PROBLEMS.",beer_reject.png,REJECT
BATCH-COLA-2026-161,HIGHLAND RESERVE,KENTUCKY STRAIGHT BOURBON WHISKEY,45.0%,90,750 ML,"HIGHLAND DISTILLING CO., LOUISVILLE, KY",PRODUCT OF USA,"GOVERNMENT WARNING: (1) ACCORDING TO THE SURGEON GENERAL, WOMEN SHOULD NOT DRINK ALCOHOLIC BEVERAGES DURING PREGNANCY BECAUSE OF THE RISK OF BIRTH DEFECTS. (2) CONSUMPTION OF ALCOHOLIC BEVERAGES IMPAIRS YOUR ABILITY TO DRIVE A CAR OR OPERATE MACHINERY, AND MAY CAUSE HEALTH PROBLEMS.",whiskey_pass.png,PASS
BATCH-COLA-2026-162,CHATEAU BELLEVIEW,RED WINE,14.8%,N/A,750 ML,"BELLEVIEW VINEYARDS, NAPA, CA",PRODUCT OF USA,"GOVERNMENT WARNING: (1) ACCORDING TO THE SURGEON GENERAL, WOMEN SHOULD NOT DRINK ALCOHOLIC BEVERAGES DURING PREGNANCY BECAUSE OF THE RISK OF BIRTH DEFECTS. (2) CONSUMPTION OF ALCOHOLIC BEVERAGES IMPAIRS YOUR ABILITY TO DRIVE A CAR OR OPERATE MACHINERY, AND MAY CAUSE HEALTH PROBLEMS.",wine_reject.png,REJECT
BATCH-COLA-2026-163,EL TEQUILEÑO REPOSADO,TEQUILA REPOSADO,40.0%,80,750 ML,"AGAVE REAL S.A. DE C.V., JALISCO",PRODUCT OF MEXICO,"GOVERNMENT WARNING: (1) ACCORDING TO THE SURGEON GENERAL, WOMEN SHOULD NOT DRINK ALCOHOLIC BEVERAGES DURING PREGNANCY BECAUSE OF THE RISK OF BIRTH DEFECTS. (2) CONSUMPTION OF ALCOHOLIC BEVERAGES IMPAIRS YOUR ABILITY TO DRIVE A CAR OR OPERATE MACHINERY, AND MAY CAUSE HEALTH PROBLEMS.",tequila_review.png,NEEDS REVIEW
BATCH-COLA-2026-164,OAK & HOPS CRAFT IPA,BEER,6.5%,N/A,12 FL OZ,"OAK BREWING CO., PORTLAND, OR",PRODUCT OF USA,"GOVERNMENT WARNING: (1) ACCORDING TO THE SURGEON GENERAL, WOMEN SHOULD NOT DRINK ALCOHOLIC BEVERAGES DURING PREGNANCY BECAUSE OF THE RISK OF BIRTH DEFECTS. (2) CONSUMPTION OF ALCOHOLIC BEVERAGES IMPAIRS YOUR ABILITY TO DRIVE A CAR OR OPERATE MACHINERY, AND MAY CAUSE HEALTH PROBLEMS.",beer_reject.png,REJECT
BATCH-COLA-2026-165,HIGHLAND RESERVE,KENTUCKY STRAIGHT BOURBON WHISKEY,45.0%,90,750 ML,"HIGHLAND DISTILLING CO., LOUISVILLE, KY",PRODUCT OF USA,"GOVERNMENT WARNING: (1) ACCORDING TO THE SURGEON GENERAL, WOMEN SHOULD NOT DRINK ALCOHOLIC BEVERAGES DURING PREGNANCY BECAUSE OF THE RISK OF BIRTH DEFECTS. (2) CONSUMPTION OF ALCOHOLIC BEVERAGES IMPAIRS YOUR ABILITY TO DRIVE A CAR OR OPERATE MACHINERY, AND MAY CAUSE HEALTH PROBLEMS.",whiskey_pass.png,PASS
BATCH-COLA-2026-166,CHATEAU BELLEVIEW,RED WINE,14.8%,N/A,750 ML,"BELLEVIEW VINEYARDS, NAPA, CA",PRODUCT OF USA,"GOVERNMENT WARNING: (1) ACCORDING TO THE SURGEON GENERAL, WOMEN SHOULD NOT DRINK ALCOHOLIC BEVERAGES DURING PREGNANCY BECAUSE OF THE RISK OF BIRTH DEFECTS. (2) CONSUMPTION OF ALCOHOLIC BEVERAGES IMPAIRS YOUR ABILITY TO DRIVE A CAR OR OPERATE MACHINERY, AND MAY CAUSE HEALTH PROBLEMS.",wine_reject.png,REJECT
BATCH-COLA-2026-167,EL TEQUILEÑO REPOSADO,TEQUILA REPOSADO,40.0%,80,750 ML,"AGAVE REAL S.A. DE C.V., JALISCO",PRODUCT OF MEXICO,"GOVERNMENT WARNING: (1) ACCORDING TO THE SURGEON GENERAL, WOMEN SHOULD NOT DRINK ALCOHOLIC BEVERAGES DURING PREGNANCY BECAUSE OF THE RISK OF BIRTH DEFECTS. (2) CONSUMPTION OF ALCOHOLIC BEVERAGES IMPAIRS YOUR ABILITY TO DRIVE A CAR OR OPERATE MACHINERY, AND MAY CAUSE HEALTH PROBLEMS.",tequila_review.png,NEEDS REVIEW
BATCH-COLA-2026-168,OAK & HOPS CRAFT IPA,BEER,6.5%,N/A,12 FL OZ,"OAK BREWING CO., PORTLAND, OR",PRODUCT OF USA,"GOVERNMENT WARNING: (1) ACCORDING TO THE SURGEON GENERAL, WOMEN SHOULD NOT DRINK ALCOHOLIC BEVERAGES DURING PREGNANCY BECAUSE OF THE RISK OF BIRTH DEFECTS. (2) CONSUMPTION OF ALCOHOLIC BEVERAGES IMPAIRS YOUR ABILITY TO DRIVE A CAR OR OPERATE MACHINERY, AND MAY CAUSE HEALTH PROBLEMS.",beer_reject.png,REJECT
BATCH-COLA-2026-169,HIGHLAND RESERVE,KENTUCKY STRAIGHT BOURBON WHISKEY,45.0%,90,750 ML,"HIGHLAND DISTILLING CO., LOUISVILLE, KY",PRODUCT OF USA,"GOVERNMENT WARNING: (1) ACCORDING TO THE SURGEON GENERAL, WOMEN SHOULD NOT DRINK ALCOHOLIC BEVERAGES DURING PREGNANCY BECAUSE OF THE RISK OF BIRTH DEFECTS. (2) CONSUMPTION OF ALCOHOLIC BEVERAGES IMPAIRS YOUR ABILITY TO DRIVE A CAR OR OPERATE MACHINERY, AND MAY CAUSE HEALTH PROBLEMS.",whiskey_pass.png,PASS
BATCH-COLA-2026-170,CHATEAU BELLEVIEW,RED WINE,14.8%,N/A,750 ML,"BELLEVIEW VINEYARDS, NAPA, CA",PRODUCT OF USA,"GOVERNMENT WARNING: (1) ACCORDING TO THE SURGEON GENERAL, WOMEN SHOULD NOT DRINK ALCOHOLIC BEVERAGES DURING PREGNANCY BECAUSE OF THE RISK OF BIRTH DEFECTS. (2) CONSUMPTION OF ALCOHOLIC BEVERAGES IMPAIRS YOUR ABILITY TO DRIVE A CAR OR OPERATE MACHINERY, AND MAY CAUSE HEALTH PROBLEMS.",wine_reject.png,REJECT
BATCH-COLA-2026-171,EL TEQUILEÑO REPOSADO,TEQUILA REPOSADO,40.0%,80,750 ML,"AGAVE REAL S.A. DE C.V., JALISCO",PRODUCT OF MEXICO,"GOVERNMENT WARNING: (1) ACCORDING TO THE SURGEON GENERAL, WOMEN SHOULD NOT DRINK ALCOHOLIC BEVERAGES DURING PREGNANCY BECAUSE OF THE RISK OF BIRTH DEFECTS. (2) CONSUMPTION OF ALCOHOLIC BEVERAGES IMPAIRS YOUR ABILITY TO DRIVE A CAR OR OPERATE MACHINERY, AND MAY CAUSE HEALTH PROBLEMS.",tequila_review.png,NEEDS REVIEW
BATCH-COLA-2026-172,OAK & HOPS CRAFT IPA,BEER,6.5%,N/A,12 FL OZ,"OAK BREWING CO., PORTLAND, OR",PRODUCT OF USA,"GOVERNMENT WARNING: (1) ACCORDING TO THE SURGEON GENERAL, WOMEN SHOULD NOT DRINK ALCOHOLIC BEVERAGES DURING PREGNANCY BECAUSE OF THE RISK OF BIRTH DEFECTS. (2) CONSUMPTION OF ALCOHOLIC BEVERAGES IMPAIRS YOUR ABILITY TO DRIVE A CAR OR OPERATE MACHINERY, AND MAY CAUSE HEALTH PROBLEMS.",beer_reject.png,REJECT
BATCH-COLA-2026-173,HIGHLAND RESERVE,KENTUCKY STRAIGHT BOURBON WHISKEY,45.0%,90,750 ML,"HIGHLAND DISTILLING CO., LOUISVILLE, KY",PRODUCT OF USA,"GOVERNMENT WARNING: (1) ACCORDING TO THE SURGEON GENERAL, WOMEN SHOULD NOT DRINK ALCOHOLIC BEVERAGES DURING PREGNANCY BECAUSE OF THE RISK OF BIRTH DEFECTS. (2) CONSUMPTION OF ALCOHOLIC BEVERAGES IMPAIRS YOUR ABILITY TO DRIVE A CAR OR OPERATE MACHINERY, AND MAY CAUSE HEALTH PROBLEMS.",whiskey_pass.png,PASS
BATCH-COLA-2026-174,CHATEAU BELLEVIEW,RED WINE,14.8%,N/A,750 ML,"BELLEVIEW VINEYARDS, NAPA, CA",PRODUCT OF USA,"GOVERNMENT WARNING: (1) ACCORDING TO THE SURGEON GENERAL, WOMEN SHOULD NOT DRINK ALCOHOLIC BEVERAGES DURING PREGNANCY BECAUSE OF THE RISK OF BIRTH DEFECTS. (2) CONSUMPTION OF ALCOHOLIC BEVERAGES IMPAIRS YOUR ABILITY TO DRIVE A CAR OR OPERATE MACHINERY, AND MAY CAUSE HEALTH PROBLEMS.",wine_reject.png,REJECT
BATCH-COLA-2026-175,EL TEQUILEÑO REPOSADO,TEQUILA REPOSADO,40.0%,80,750 ML,"AGAVE REAL S.A. DE C.V., JALISCO",PRODUCT OF MEXICO,"GOVERNMENT WARNING: (1) ACCORDING TO THE SURGEON GENERAL, WOMEN SHOULD NOT DRINK ALCOHOLIC BEVERAGES DURING PREGNANCY BECAUSE OF THE RISK OF BIRTH DEFECTS. (2) CONSUMPTION OF ALCOHOLIC BEVERAGES IMPAIRS YOUR ABILITY TO DRIVE A CAR OR OPERATE MACHINERY, AND MAY CAUSE HEALTH PROBLEMS.",tequila_review.png,NEEDS REVIEW
BATCH-COLA-2026-176,OAK & HOPS CRAFT IPA,BEER,6.5%,N/A,12 FL OZ,"OAK BREWING CO., PORTLAND, OR",PRODUCT OF USA,"GOVERNMENT WARNING: (1) ACCORDING TO THE SURGEON GENERAL, WOMEN SHOULD NOT DRINK ALCOHOLIC BEVERAGES DURING PREGNANCY BECAUSE OF THE RISK OF BIRTH DEFECTS. (2) CONSUMPTION OF ALCOHOLIC BEVERAGES IMPAIRS YOUR ABILITY TO DRIVE A CAR OR OPERATE MACHINERY, AND MAY CAUSE HEALTH PROBLEMS.",beer_reject.png,REJECT
BATCH-COLA-2026-177,HIGHLAND RESERVE,KENTUCKY STRAIGHT BOURBON WHISKEY,45.0%,90,750 ML,"HIGHLAND DISTILLING CO., LOUISVILLE, KY",PRODUCT OF USA,"GOVERNMENT WARNING: (1) ACCORDING TO THE SURGEON GENERAL, WOMEN SHOULD NOT DRINK ALCOHOLIC BEVERAGES DURING PREGNANCY BECAUSE OF THE RISK OF BIRTH DEFECTS. (2) CONSUMPTION OF ALCOHOLIC BEVERAGES IMPAIRS YOUR ABILITY TO DRIVE A CAR OR OPERATE MACHINERY, AND MAY CAUSE HEALTH PROBLEMS.",whiskey_pass.png,PASS
BATCH-COLA-2026-178,CHATEAU BELLEVIEW,RED WINE,14.8%,N/A,750 ML,"BELLEVIEW VINEYARDS, NAPA, CA",PRODUCT OF USA,"GOVERNMENT WARNING: (1) ACCORDING TO THE SURGEON GENERAL, WOMEN SHOULD NOT DRINK ALCOHOLIC BEVERAGES DURING PREGNANCY BECAUSE OF THE RISK OF BIRTH DEFECTS. (2) CONSUMPTION OF ALCOHOLIC BEVERAGES IMPAIRS YOUR ABILITY TO DRIVE A CAR OR OPERATE MACHINERY, AND MAY CAUSE HEALTH PROBLEMS.",wine_reject.png,REJECT
BATCH-COLA-2026-179,EL TEQUILEÑO REPOSADO,TEQUILA REPOSADO,40.0%,80,750 ML,"AGAVE REAL S.A. DE C.V., JALISCO",PRODUCT OF MEXICO,"GOVERNMENT WARNING: (1) ACCORDING TO THE SURGEON GENERAL, WOMEN SHOULD NOT DRINK ALCOHOLIC BEVERAGES DURING PREGNANCY BECAUSE OF THE RISK OF BIRTH DEFECTS. (2) CONSUMPTION OF ALCOHOLIC BEVERAGES IMPAIRS YOUR ABILITY TO DRIVE A CAR OR OPERATE MACHINERY, AND MAY CAUSE HEALTH PROBLEMS.",tequila_review.png,NEEDS REVIEW
BATCH-COLA-2026-180,OAK & HOPS CRAFT IPA,BEER,6.5%,N/A,12 FL OZ,"OAK BREWING CO., PORTLAND, OR",PRODUCT OF USA,"GOVERNMENT WARNING: (1) ACCORDING TO THE SURGEON GENERAL, WOMEN SHOULD NOT DRINK ALCOHOLIC BEVERAGES DURING PREGNANCY BECAUSE OF THE RISK OF BIRTH DEFECTS. (2) CONSUMPTION OF ALCOHOLIC BEVERAGES IMPAIRS YOUR ABILITY TO DRIVE A CAR OR OPERATE MACHINERY, AND MAY CAUSE HEALTH PROBLEMS.",beer_reject.png,REJECT
BATCH-COLA-2026-181,HIGHLAND RESERVE,KENTUCKY STRAIGHT BOURBON WHISKEY,45.0%,90,750 ML,"HIGHLAND DISTILLING CO., LOUISVILLE, KY",PRODUCT OF USA,"GOVERNMENT WARNING: (1) ACCORDING TO THE SURGEON GENERAL, WOMEN SHOULD NOT DRINK ALCOHOLIC BEVERAGES DURING PREGNANCY BECAUSE OF THE RISK OF BIRTH DEFECTS. (2) CONSUMPTION OF ALCOHOLIC BEVERAGES IMPAIRS YOUR ABILITY TO DRIVE A CAR OR OPERATE MACHINERY, AND MAY CAUSE HEALTH PROBLEMS.",whiskey_pass.png,PASS
BATCH-COLA-2026-182,CHATEAU BELLEVIEW,RED WINE,14.8%,N/A,750 ML,"BELLEVIEW VINEYARDS, NAPA, CA",PRODUCT OF USA,"GOVERNMENT WARNING: (1) ACCORDING TO THE SURGEON GENERAL, WOMEN SHOULD NOT DRINK ALCOHOLIC BEVERAGES DURING PREGNANCY BECAUSE OF THE RISK OF BIRTH DEFECTS. (2) CONSUMPTION OF ALCOHOLIC BEVERAGES IMPAIRS YOUR ABILITY TO DRIVE A CAR OR OPERATE MACHINERY, AND MAY CAUSE HEALTH PROBLEMS.",wine_reject.png,REJECT
BATCH-COLA-2026-183,EL TEQUILEÑO REPOSADO,TEQUILA REPOSADO,40.0%,80,750 ML,"AGAVE REAL S.A. DE C.V., JALISCO",PRODUCT OF MEXICO,"GOVERNMENT WARNING: (1) ACCORDING TO THE SURGEON GENERAL, WOMEN SHOULD NOT DRINK ALCOHOLIC BEVERAGES DURING PREGNANCY BECAUSE OF THE RISK OF BIRTH DEFECTS. (2) CONSUMPTION OF ALCOHOLIC BEVERAGES IMPAIRS YOUR ABILITY TO DRIVE A CAR OR OPERATE MACHINERY, AND MAY CAUSE HEALTH PROBLEMS.",tequila_review.png,NEEDS REVIEW
BATCH-COLA-2026-184,OAK & HOPS CRAFT IPA,BEER,6.5%,N/A,12 FL OZ,"OAK BREWING CO., PORTLAND, OR",PRODUCT OF USA,"GOVERNMENT WARNING: (1) ACCORDING TO THE SURGEON GENERAL, WOMEN SHOULD NOT DRINK ALCOHOLIC BEVERAGES DURING PREGNANCY BECAUSE OF THE RISK OF BIRTH DEFECTS. (2) CONSUMPTION OF ALCOHOLIC BEVERAGES IMPAIRS YOUR ABILITY TO DRIVE A CAR OR OPERATE MACHINERY, AND MAY CAUSE HEALTH PROBLEMS.",beer_reject.png,REJECT
BATCH-COLA-2026-185,HIGHLAND RESERVE,KENTUCKY STRAIGHT BOURBON WHISKEY,45.0%,90,750 ML,"HIGHLAND DISTILLING CO., LOUISVILLE, KY",PRODUCT OF USA,"GOVERNMENT WARNING: (1) ACCORDING TO THE SURGEON GENERAL, WOMEN SHOULD NOT DRINK ALCOHOLIC BEVERAGES DURING PREGNANCY BECAUSE OF THE RISK OF BIRTH DEFECTS. (2) CONSUMPTION OF ALCOHOLIC BEVERAGES IMPAIRS YOUR ABILITY TO DRIVE A CAR OR OPERATE MACHINERY, AND MAY CAUSE HEALTH PROBLEMS.",whiskey_pass.png,PASS
BATCH-COLA-2026-186,CHATEAU BELLEVIEW,RED WINE,14.8%,N/A,750 ML,"BELLEVIEW VINEYARDS, NAPA, CA",PRODUCT OF USA,"GOVERNMENT WARNING: (1) ACCORDING TO THE SURGEON GENERAL, WOMEN SHOULD NOT DRINK ALCOHOLIC BEVERAGES DURING PREGNANCY BECAUSE OF THE RISK OF BIRTH DEFECTS. (2) CONSUMPTION OF ALCOHOLIC BEVERAGES IMPAIRS YOUR ABILITY TO DRIVE A CAR OR OPERATE MACHINERY, AND MAY CAUSE HEALTH PROBLEMS.",wine_reject.png,REJECT
BATCH-COLA-2026-187,EL TEQUILEÑO REPOSADO,TEQUILA REPOSADO,40.0%,80,750 ML,"AGAVE REAL S.A. DE C.V., JALISCO",PRODUCT OF MEXICO,"GOVERNMENT WARNING: (1) ACCORDING TO THE SURGEON GENERAL, WOMEN SHOULD NOT DRINK ALCOHOLIC BEVERAGES DURING PREGNANCY BECAUSE OF THE RISK OF BIRTH DEFECTS. (2) CONSUMPTION OF ALCOHOLIC BEVERAGES IMPAIRS YOUR ABILITY TO DRIVE A CAR OR OPERATE MACHINERY, AND MAY CAUSE HEALTH PROBLEMS.",tequila_review.png,NEEDS REVIEW
BATCH-COLA-2026-188,OAK & HOPS CRAFT IPA,BEER,6.5%,N/A,12 FL OZ,"OAK BREWING CO., PORTLAND, OR",PRODUCT OF USA,"GOVERNMENT WARNING: (1) ACCORDING TO THE SURGEON GENERAL, WOMEN SHOULD NOT DRINK ALCOHOLIC BEVERAGES DURING PREGNANCY BECAUSE OF THE RISK OF BIRTH DEFECTS. (2) CONSUMPTION OF ALCOHOLIC BEVERAGES IMPAIRS YOUR ABILITY TO DRIVE A CAR OR OPERATE MACHINERY, AND MAY CAUSE HEALTH PROBLEMS.",beer_reject.png,REJECT
BATCH-COLA-2026-189,HIGHLAND RESERVE,KENTUCKY STRAIGHT BOURBON WHISKEY,45.0%,90,750 ML,"HIGHLAND DISTILLING CO., LOUISVILLE, KY",PRODUCT OF USA,"GOVERNMENT WARNING: (1) ACCORDING TO THE SURGEON GENERAL, WOMEN SHOULD NOT DRINK ALCOHOLIC BEVERAGES DURING PREGNANCY BECAUSE OF THE RISK OF BIRTH DEFECTS. (2) CONSUMPTION OF ALCOHOLIC BEVERAGES IMPAIRS YOUR ABILITY TO DRIVE A CAR OR OPERATE MACHINERY, AND MAY CAUSE HEALTH PROBLEMS.",whiskey_pass.png,PASS
BATCH-COLA-2026-190,CHATEAU BELLEVIEW,RED WINE,14.8%,N/A,750 ML,"BELLEVIEW VINEYARDS, NAPA, CA",PRODUCT OF USA,"GOVERNMENT WARNING: (1) ACCORDING TO THE SURGEON GENERAL, WOMEN SHOULD NOT DRINK ALCOHOLIC BEVERAGES DURING PREGNANCY BECAUSE OF THE RISK OF BIRTH DEFECTS. (2) CONSUMPTION OF ALCOHOLIC BEVERAGES IMPAIRS YOUR ABILITY TO DRIVE A CAR OR OPERATE MACHINERY, AND MAY CAUSE HEALTH PROBLEMS.",wine_reject.png,REJECT
BATCH-COLA-2026-191,EL TEQUILEÑO REPOSADO,TEQUILA REPOSADO,40.0%,80,750 ML,"AGAVE REAL S.A. DE C.V., JALISCO",PRODUCT OF MEXICO,"GOVERNMENT WARNING: (1) ACCORDING TO THE SURGEON GENERAL, WOMEN SHOULD NOT DRINK ALCOHOLIC BEVERAGES DURING PREGNANCY BECAUSE OF THE RISK OF BIRTH DEFECTS. (2) CONSUMPTION OF ALCOHOLIC BEVERAGES IMPAIRS YOUR ABILITY TO DRIVE A CAR OR OPERATE MACHINERY, AND MAY CAUSE HEALTH PROBLEMS.",tequila_review.png,NEEDS REVIEW
BATCH-COLA-2026-192,OAK & HOPS CRAFT IPA,BEER,6.5%,N/A,12 FL OZ,"OAK BREWING CO., PORTLAND, OR",PRODUCT OF USA,"GOVERNMENT WARNING: (1) ACCORDING TO THE SURGEON GENERAL, WOMEN SHOULD NOT DRINK ALCOHOLIC BEVERAGES DURING PREGNANCY BECAUSE OF THE RISK OF BIRTH DEFECTS. (2) CONSUMPTION OF ALCOHOLIC BEVERAGES IMPAIRS YOUR ABILITY TO DRIVE A CAR OR OPERATE MACHINERY, AND MAY CAUSE HEALTH PROBLEMS.",beer_reject.png,REJECT
BATCH-COLA-2026-193,HIGHLAND RESERVE,KENTUCKY STRAIGHT BOURBON WHISKEY,45.0%,90,750 ML,"HIGHLAND DISTILLING CO., LOUISVILLE, KY",PRODUCT OF USA,"GOVERNMENT WARNING: (1) ACCORDING TO THE SURGEON GENERAL, WOMEN SHOULD NOT DRINK ALCOHOLIC BEVERAGES DURING PREGNANCY BECAUSE OF THE RISK OF BIRTH DEFECTS. (2) CONSUMPTION OF ALCOHOLIC BEVERAGES IMPAIRS YOUR ABILITY TO DRIVE A CAR OR OPERATE MACHINERY, AND MAY CAUSE HEALTH PROBLEMS.",whiskey_pass.png,PASS
BATCH-COLA-2026-194,CHATEAU BELLEVIEW,RED WINE,14.8%,N/A,750 ML,"BELLEVIEW VINEYARDS, NAPA, CA",PRODUCT OF USA,"GOVERNMENT WARNING: (1) ACCORDING TO THE SURGEON GENERAL, WOMEN SHOULD NOT DRINK ALCOHOLIC BEVERAGES DURING PREGNANCY BECAUSE OF THE RISK OF BIRTH DEFECTS. (2) CONSUMPTION OF ALCOHOLIC BEVERAGES IMPAIRS YOUR ABILITY TO DRIVE A CAR OR OPERATE MACHINERY, AND MAY CAUSE HEALTH PROBLEMS.",wine_reject.png,REJECT
BATCH-COLA-2026-195,EL TEQUILEÑO REPOSADO,TEQUILA REPOSADO,40.0%,80,750 ML,"AGAVE REAL S.A. DE C.V., JALISCO",PRODUCT OF MEXICO,"GOVERNMENT WARNING: (1) ACCORDING TO THE SURGEON GENERAL, WOMEN SHOULD NOT DRINK ALCOHOLIC BEVERAGES DURING PREGNANCY BECAUSE OF THE RISK OF BIRTH DEFECTS. (2) CONSUMPTION OF ALCOHOLIC BEVERAGES IMPAIRS YOUR ABILITY TO DRIVE A CAR OR OPERATE MACHINERY, AND MAY CAUSE HEALTH PROBLEMS.",tequila_review.png,NEEDS REVIEW
BATCH-COLA-2026-196,OAK & HOPS CRAFT IPA,BEER,6.5%,N/A,12 FL OZ,"OAK BREWING CO., PORTLAND, OR",PRODUCT OF USA,"GOVERNMENT WARNING: (1) ACCORDING TO THE SURGEON GENERAL, WOMEN SHOULD NOT DRINK ALCOHOLIC BEVERAGES DURING PREGNANCY BECAUSE OF THE RISK OF BIRTH DEFECTS. (2) CONSUMPTION OF ALCOHOLIC BEVERAGES IMPAIRS YOUR ABILITY TO DRIVE A CAR OR OPERATE MACHINERY, AND MAY CAUSE HEALTH PROBLEMS.",beer_reject.png,REJECT
BATCH-COLA-2026-197,HIGHLAND RESERVE,KENTUCKY STRAIGHT BOURBON WHISKEY,45.0%,90,750 ML,"HIGHLAND DISTILLING CO., LOUISVILLE, KY",PRODUCT OF USA,"GOVERNMENT WARNING: (1) ACCORDING TO THE SURGEON GENERAL, WOMEN SHOULD NOT DRINK ALCOHOLIC BEVERAGES DURING PREGNANCY BECAUSE OF THE RISK OF BIRTH DEFECTS. (2) CONSUMPTION OF ALCOHOLIC BEVERAGES IMPAIRS YOUR ABILITY TO DRIVE A CAR OR OPERATE MACHINERY, AND MAY CAUSE HEALTH PROBLEMS.",whiskey_pass.png,PASS
BATCH-COLA-2026-198,CHATEAU BELLEVIEW,RED WINE,14.8%,N/A,750 ML,"BELLEVIEW VINEYARDS, NAPA, CA",PRODUCT OF USA,"GOVERNMENT WARNING: (1) ACCORDING TO THE SURGEON GENERAL, WOMEN SHOULD NOT DRINK ALCOHOLIC BEVERAGES DURING PREGNANCY BECAUSE OF THE RISK OF BIRTH DEFECTS. (2) CONSUMPTION OF ALCOHOLIC BEVERAGES IMPAIRS YOUR ABILITY TO DRIVE A CAR OR OPERATE MACHINERY, AND MAY CAUSE HEALTH PROBLEMS.",wine_reject.png,REJECT
BATCH-COLA-2026-199,EL TEQUILEÑO REPOSADO,TEQUILA REPOSADO,40.0%,80,750 ML,"AGAVE REAL S.A. DE C.V., JALISCO",PRODUCT OF MEXICO,"GOVERNMENT WARNING: (1) ACCORDING TO THE SURGEON GENERAL, WOMEN SHOULD NOT DRINK ALCOHOLIC BEVERAGES DURING PREGNANCY BECAUSE OF THE RISK OF BIRTH DEFECTS. (2) CONSUMPTION OF ALCOHOLIC BEVERAGES IMPAIRS YOUR ABILITY TO DRIVE A CAR OR OPERATE MACHINERY, AND MAY CAUSE HEALTH PROBLEMS.",tequila_review.png,NEEDS REVIEW
BATCH-COLA-2026-200,OAK & HOPS CRAFT IPA,BEER,6.5%,N/A,12 FL OZ,"OAK BREWING CO., PORTLAND, OR",PRODUCT OF USA,"GOVERNMENT WARNING: (1) ACCORDING TO THE SURGEON GENERAL, WOMEN SHOULD NOT DRINK ALCOHOLIC BEVERAGES DURING PREGNANCY BECAUSE OF THE RISK OF BIRTH DEFECTS. (2) CONSUMPTION OF ALCOHOLIC BEVERAGES IMPAIRS YOUR ABILITY TO DRIVE A CAR OR OPERATE MACHINERY, AND MAY CAUSE HEALTH PROBLEMS.",beer_reject.png,REJECT
BATCH-COLA-2026-201,HIGHLAND RESERVE,KENTUCKY STRAIGHT BOURBON WHISKEY,45.0%,90,750 ML,"HIGHLAND DISTILLING CO., LOUISVILLE, KY",PRODUCT OF USA,"GOVERNMENT WARNING: (1) ACCORDING TO THE SURGEON GENERAL, WOMEN SHOULD NOT DRINK ALCOHOLIC BEVERAGES DURING PREGNANCY BECAUSE OF THE RISK OF BIRTH DEFECTS. (2) CONSUMPTION OF ALCOHOLIC BEVERAGES IMPAIRS YOUR ABILITY TO DRIVE A CAR OR OPERATE MACHINERY, AND MAY CAUSE HEALTH PROBLEMS.",whiskey_pass.png,PASS
BATCH-COLA-2026-202,CHATEAU BELLEVIEW,RED WINE,14.8%,N/A,750 ML,"BELLEVIEW VINEYARDS, NAPA, CA",PRODUCT OF USA,"GOVERNMENT WARNING: (1) ACCORDING TO THE SURGEON GENERAL, WOMEN SHOULD NOT DRINK ALCOHOLIC BEVERAGES DURING PREGNANCY BECAUSE OF THE RISK OF BIRTH DEFECTS. (2) CONSUMPTION OF ALCOHOLIC BEVERAGES IMPAIRS YOUR ABILITY TO DRIVE A CAR OR OPERATE MACHINERY, AND MAY CAUSE HEALTH PROBLEMS.",wine_reject.png,REJECT
BATCH-COLA-2026-203,EL TEQUILEÑO REPOSADO,TEQUILA REPOSADO,40.0%,80,750 ML,"AGAVE REAL S.A. DE C.V., JALISCO",PRODUCT OF MEXICO,"GOVERNMENT WARNING: (1) ACCORDING TO THE SURGEON GENERAL, WOMEN SHOULD NOT DRINK ALCOHOLIC BEVERAGES DURING PREGNANCY BECAUSE OF THE RISK OF BIRTH DEFECTS. (2) CONSUMPTION OF ALCOHOLIC BEVERAGES IMPAIRS YOUR ABILITY TO DRIVE A CAR OR OPERATE MACHINERY, AND MAY CAUSE HEALTH PROBLEMS.",tequila_review.png,NEEDS REVIEW
BATCH-COLA-2026-204,OAK & HOPS CRAFT IPA,BEER,6.5%,N/A,12 FL OZ,"OAK BREWING CO., PORTLAND, OR",PRODUCT OF USA,"GOVERNMENT WARNING: (1) ACCORDING TO THE SURGEON GENERAL, WOMEN SHOULD NOT DRINK ALCOHOLIC BEVERAGES DURING PREGNANCY BECAUSE OF THE RISK OF BIRTH DEFECTS. (2) CONSUMPTION OF ALCOHOLIC BEVERAGES IMPAIRS YOUR ABILITY TO DRIVE A CAR OR OPERATE MACHINERY, AND MAY CAUSE HEALTH PROBLEMS.",beer_reject.png,REJECT
BATCH-COLA-2026-205,HIGHLAND RESERVE,KENTUCKY STRAIGHT BOURBON WHISKEY,45.0%,90,750 ML,"HIGHLAND DISTILLING CO., LOUISVILLE, KY",PRODUCT OF USA,"GOVERNMENT WARNING: (1) ACCORDING TO THE SURGEON GENERAL, WOMEN SHOULD NOT DRINK ALCOHOLIC BEVERAGES DURING PREGNANCY BECAUSE OF THE RISK OF BIRTH DEFECTS. (2) CONSUMPTION OF ALCOHOLIC BEVERAGES IMPAIRS YOUR ABILITY TO DRIVE A CAR OR OPERATE MACHINERY, AND MAY CAUSE HEALTH PROBLEMS.",whiskey_pass.png,PASS
BATCH-COLA-2026-206,CHATEAU BELLEVIEW,RED WINE,14.8%,N/A,750 ML,"BELLEVIEW VINEYARDS, NAPA, CA",PRODUCT OF USA,"GOVERNMENT WARNING: (1) ACCORDING TO THE SURGEON GENERAL, WOMEN SHOULD NOT DRINK ALCOHOLIC BEVERAGES DURING PREGNANCY BECAUSE OF THE RISK OF BIRTH DEFECTS. (2) CONSUMPTION OF ALCOHOLIC BEVERAGES IMPAIRS YOUR ABILITY TO DRIVE A CAR OR OPERATE MACHINERY, AND MAY CAUSE HEALTH PROBLEMS.",wine_reject.png,REJECT
BATCH-COLA-2026-207,EL TEQUILEÑO REPOSADO,TEQUILA REPOSADO,40.0%,80,750 ML,"AGAVE REAL S.A. DE C.V., JALISCO",PRODUCT OF MEXICO,"GOVERNMENT WARNING: (1) ACCORDING TO THE SURGEON GENERAL, WOMEN SHOULD NOT DRINK ALCOHOLIC BEVERAGES DURING PREGNANCY BECAUSE OF THE RISK OF BIRTH DEFECTS. (2) CONSUMPTION OF ALCOHOLIC BEVERAGES IMPAIRS YOUR ABILITY TO DRIVE A CAR OR OPERATE MACHINERY, AND MAY CAUSE HEALTH PROBLEMS.",tequila_review.png,NEEDS REVIEW
BATCH-COLA-2026-208,OAK & HOPS CRAFT IPA,BEER,6.5%,N/A,12 FL OZ,"OAK BREWING CO., PORTLAND, OR",PRODUCT OF USA,"GOVERNMENT WARNING: (1) ACCORDING TO THE SURGEON GENERAL, WOMEN SHOULD NOT DRINK ALCOHOLIC BEVERAGES DURING PREGNANCY BECAUSE OF THE RISK OF BIRTH DEFECTS. (2) CONSUMPTION OF ALCOHOLIC BEVERAGES IMPAIRS YOUR ABILITY TO DRIVE A CAR OR OPERATE MACHINERY, AND MAY CAUSE HEALTH PROBLEMS.",beer_reject.png,REJECT
BATCH-COLA-2026-209,HIGHLAND RESERVE,KENTUCKY STRAIGHT BOURBON WHISKEY,45.0%,90,750 ML,"HIGHLAND DISTILLING CO., LOUISVILLE, KY",PRODUCT OF USA,"GOVERNMENT WARNING: (1) ACCORDING TO THE SURGEON GENERAL, WOMEN SHOULD NOT DRINK ALCOHOLIC BEVERAGES DURING PREGNANCY BECAUSE OF THE RISK OF BIRTH DEFECTS. (2) CONSUMPTION OF ALCOHOLIC BEVERAGES IMPAIRS YOUR ABILITY TO DRIVE A CAR OR OPERATE MACHINERY, AND MAY CAUSE HEALTH PROBLEMS.",whiskey_pass.png,PASS
BATCH-COLA-2026-210,CHATEAU BELLEVIEW,RED WINE,14.8%,N/A,750 ML,"BELLEVIEW VINEYARDS, NAPA, CA",PRODUCT OF USA,"GOVERNMENT WARNING: (1) ACCORDING TO THE SURGEON GENERAL, WOMEN SHOULD NOT DRINK ALCOHOLIC BEVERAGES DURING PREGNANCY BECAUSE OF THE RISK OF BIRTH DEFECTS. (2) CONSUMPTION OF ALCOHOLIC BEVERAGES IMPAIRS YOUR ABILITY TO DRIVE A CAR OR OPERATE MACHINERY, AND MAY CAUSE HEALTH PROBLEMS.",wine_reject.png,REJECT
BATCH-COLA-2026-211,EL TEQUILEÑO REPOSADO,TEQUILA REPOSADO,40.0%,80,750 ML,"AGAVE REAL S.A. DE C.V., JALISCO",PRODUCT OF MEXICO,"GOVERNMENT WARNING: (1) ACCORDING TO THE SURGEON GENERAL, WOMEN SHOULD NOT DRINK ALCOHOLIC BEVERAGES DURING PREGNANCY BECAUSE OF THE RISK OF BIRTH DEFECTS. (2) CONSUMPTION OF ALCOHOLIC BEVERAGES IMPAIRS YOUR ABILITY TO DRIVE A CAR OR OPERATE MACHINERY, AND MAY CAUSE HEALTH PROBLEMS.",tequila_review.png,NEEDS REVIEW
BATCH-COLA-2026-212,OAK & HOPS CRAFT IPA,BEER,6.5%,N/A,12 FL OZ,"OAK BREWING CO., PORTLAND, OR",PRODUCT OF USA,"GOVERNMENT WARNING: (1) ACCORDING TO THE SURGEON GENERAL, WOMEN SHOULD NOT DRINK ALCOHOLIC BEVERAGES DURING PREGNANCY BECAUSE OF THE RISK OF BIRTH DEFECTS. (2) CONSUMPTION OF ALCOHOLIC BEVERAGES IMPAIRS YOUR ABILITY TO DRIVE A CAR OR OPERATE MACHINERY, AND MAY CAUSE HEALTH PROBLEMS.",beer_reject.png,REJECT
BATCH-COLA-2026-213,HIGHLAND RESERVE,KENTUCKY STRAIGHT BOURBON WHISKEY,45.0%,90,750 ML,"HIGHLAND DISTILLING CO., LOUISVILLE, KY",PRODUCT OF USA,"GOVERNMENT WARNING: (1) ACCORDING TO THE SURGEON GENERAL, WOMEN SHOULD NOT DRINK ALCOHOLIC BEVERAGES DURING PREGNANCY BECAUSE OF THE RISK OF BIRTH DEFECTS. (2) CONSUMPTION OF ALCOHOLIC BEVERAGES IMPAIRS YOUR ABILITY TO DRIVE A CAR OR OPERATE MACHINERY, AND MAY CAUSE HEALTH PROBLEMS.",whiskey_pass.png,PASS
BATCH-COLA-2026-214,CHATEAU BELLEVIEW,RED WINE,14.8%,N/A,750 ML,"BELLEVIEW VINEYARDS, NAPA, CA",PRODUCT OF USA,"GOVERNMENT WARNING: (1) ACCORDING TO THE SURGEON GENERAL, WOMEN SHOULD NOT DRINK ALCOHOLIC BEVERAGES DURING PREGNANCY BECAUSE OF THE RISK OF BIRTH DEFECTS. (2) CONSUMPTION OF ALCOHOLIC BEVERAGES IMPAIRS YOUR ABILITY TO DRIVE A CAR OR OPERATE MACHINERY, AND MAY CAUSE HEALTH PROBLEMS.",wine_reject.png,REJECT
BATCH-COLA-2026-215,EL TEQUILEÑO REPOSADO,TEQUILA REPOSADO,40.0%,80,750 ML,"AGAVE REAL S.A. DE C.V., JALISCO",PRODUCT OF MEXICO,"GOVERNMENT WARNING: (1) ACCORDING TO THE SURGEON GENERAL, WOMEN SHOULD NOT DRINK ALCOHOLIC BEVERAGES DURING PREGNANCY BECAUSE OF THE RISK OF BIRTH DEFECTS. (2) CONSUMPTION OF ALCOHOLIC BEVERAGES IMPAIRS YOUR ABILITY TO DRIVE A CAR OR OPERATE MACHINERY, AND MAY CAUSE HEALTH PROBLEMS.",tequila_review.png,NEEDS REVIEW
BATCH-COLA-2026-216,OAK & HOPS CRAFT IPA,BEER,6.5%,N/A,12 FL OZ,"OAK BREWING CO., PORTLAND, OR",PRODUCT OF USA,"GOVERNMENT WARNING: (1) ACCORDING TO THE SURGEON GENERAL, WOMEN SHOULD NOT DRINK ALCOHOLIC BEVERAGES DURING PREGNANCY BECAUSE OF THE RISK OF BIRTH DEFECTS. (2) CONSUMPTION OF ALCOHOLIC BEVERAGES IMPAIRS YOUR ABILITY TO DRIVE A CAR OR OPERATE MACHINERY, AND MAY CAUSE HEALTH PROBLEMS.",beer_reject.png,REJECT
BATCH-COLA-2026-217,HIGHLAND RESERVE,KENTUCKY STRAIGHT BOURBON WHISKEY,45.0%,90,750 ML,"HIGHLAND DISTILLING CO., LOUISVILLE, KY",PRODUCT OF USA,"GOVERNMENT WARNING: (1) ACCORDING TO THE SURGEON GENERAL, WOMEN SHOULD NOT DRINK ALCOHOLIC BEVERAGES DURING PREGNANCY BECAUSE OF THE RISK OF BIRTH DEFECTS. (2) CONSUMPTION OF ALCOHOLIC BEVERAGES IMPAIRS YOUR ABILITY TO DRIVE A CAR OR OPERATE MACHINERY, AND MAY CAUSE HEALTH PROBLEMS.",whiskey_pass.png,PASS
BATCH-COLA-2026-218,CHATEAU BELLEVIEW,RED WINE,14.8%,N/A,750 ML,"BELLEVIEW VINEYARDS, NAPA, CA",PRODUCT OF USA,"GOVERNMENT WARNING: (1) ACCORDING TO THE SURGEON GENERAL, WOMEN SHOULD NOT DRINK ALCOHOLIC BEVERAGES DURING PREGNANCY BECAUSE OF THE RISK OF BIRTH DEFECTS. (2) CONSUMPTION OF ALCOHOLIC BEVERAGES IMPAIRS YOUR ABILITY TO DRIVE A CAR OR OPERATE MACHINERY, AND MAY CAUSE HEALTH PROBLEMS.",wine_reject.png,REJECT
BATCH-COLA-2026-219,EL TEQUILEÑO REPOSADO,TEQUILA REPOSADO,40.0%,80,750 ML,"AGAVE REAL S.A. DE C.V., JALISCO",PRODUCT OF MEXICO,"GOVERNMENT WARNING: (1) ACCORDING TO THE SURGEON GENERAL, WOMEN SHOULD NOT DRINK ALCOHOLIC BEVERAGES DURING PREGNANCY BECAUSE OF THE RISK OF BIRTH DEFECTS. (2) CONSUMPTION OF ALCOHOLIC BEVERAGES IMPAIRS YOUR ABILITY TO DRIVE A CAR OR OPERATE MACHINERY, AND MAY CAUSE HEALTH PROBLEMS.",tequila_review.png,NEEDS REVIEW
BATCH-COLA-2026-220,OAK & HOPS CRAFT IPA,BEER,6.5%,N/A,12 FL OZ,"OAK BREWING CO., PORTLAND, OR",PRODUCT OF USA,"GOVERNMENT WARNING: (1) ACCORDING TO THE SURGEON GENERAL, WOMEN SHOULD NOT DRINK ALCOHOLIC BEVERAGES DURING PREGNANCY BECAUSE OF THE RISK OF BIRTH DEFECTS. (2) CONSUMPTION OF ALCOHOLIC BEVERAGES IMPAIRS YOUR ABILITY TO DRIVE A CAR OR OPERATE MACHINERY, AND MAY CAUSE HEALTH PROBLEMS.",beer_reject.png,REJECT
BATCH-COLA-2026-221,HIGHLAND RESERVE,KENTUCKY STRAIGHT BOURBON WHISKEY,45.0%,90,750 ML,"HIGHLAND DISTILLING CO., LOUISVILLE, KY",PRODUCT OF USA,"GOVERNMENT WARNING: (1) ACCORDING TO THE SURGEON GENERAL, WOMEN SHOULD NOT DRINK ALCOHOLIC BEVERAGES DURING PREGNANCY BECAUSE OF THE RISK OF BIRTH DEFECTS. (2) CONSUMPTION OF ALCOHOLIC BEVERAGES IMPAIRS YOUR ABILITY TO DRIVE A CAR OR OPERATE MACHINERY, AND MAY CAUSE HEALTH PROBLEMS.",whiskey_pass.png,PASS
BATCH-COLA-2026-222,CHATEAU BELLEVIEW,RED WINE,14.8%,N/A,750 ML,"BELLEVIEW VINEYARDS, NAPA, CA",PRODUCT OF USA,"GOVERNMENT WARNING: (1) ACCORDING TO THE SURGEON GENERAL, WOMEN SHOULD NOT DRINK ALCOHOLIC BEVERAGES DURING PREGNANCY BECAUSE OF THE RISK OF BIRTH DEFECTS. (2) CONSUMPTION OF ALCOHOLIC BEVERAGES IMPAIRS YOUR ABILITY TO DRIVE A CAR OR OPERATE MACHINERY, AND MAY CAUSE HEALTH PROBLEMS.",wine_reject.png,REJECT
BATCH-COLA-2026-223,EL TEQUILEÑO REPOSADO,TEQUILA REPOSADO,40.0%,80,750 ML,"AGAVE REAL S.A. DE C.V., JALISCO",PRODUCT OF MEXICO,"GOVERNMENT WARNING: (1) ACCORDING TO THE SURGEON GENERAL, WOMEN SHOULD NOT DRINK ALCOHOLIC BEVERAGES DURING PREGNANCY BECAUSE OF THE RISK OF BIRTH DEFECTS. (2) CONSUMPTION OF ALCOHOLIC BEVERAGES IMPAIRS YOUR ABILITY TO DRIVE A CAR OR OPERATE MACHINERY, AND MAY CAUSE HEALTH PROBLEMS.",tequila_review.png,NEEDS REVIEW
BATCH-COLA-2026-224,OAK & HOPS CRAFT IPA,BEER,6.5%,N/A,12 FL OZ,"OAK BREWING CO., PORTLAND, OR",PRODUCT OF USA,"GOVERNMENT WARNING: (1) ACCORDING TO THE SURGEON GENERAL, WOMEN SHOULD NOT DRINK ALCOHOLIC BEVERAGES DURING PREGNANCY BECAUSE OF THE RISK OF BIRTH DEFECTS. (2) CONSUMPTION OF ALCOHOLIC BEVERAGES IMPAIRS YOUR ABILITY TO DRIVE A CAR OR OPERATE MACHINERY, AND MAY CAUSE HEALTH PROBLEMS.",beer_reject.png,REJECT
BATCH-COLA-2026-225,HIGHLAND RESERVE,KENTUCKY STRAIGHT BOURBON WHISKEY,45.0%,90,750 ML,"HIGHLAND DISTILLING CO., LOUISVILLE, KY",PRODUCT OF USA,"GOVERNMENT WARNING: (1) ACCORDING TO THE SURGEON GENERAL, WOMEN SHOULD NOT DRINK ALCOHOLIC BEVERAGES DURING PREGNANCY BECAUSE OF THE RISK OF BIRTH DEFECTS. (2) CONSUMPTION OF ALCOHOLIC BEVERAGES IMPAIRS YOUR ABILITY TO DRIVE A CAR OR OPERATE MACHINERY, AND MAY CAUSE HEALTH PROBLEMS.",whiskey_pass.png,PASS
BATCH-COLA-2026-226,CHATEAU BELLEVIEW,RED WINE,14.8%,N/A,750 ML,"BELLEVIEW VINEYARDS, NAPA, CA",PRODUCT OF USA,"GOVERNMENT WARNING: (1) ACCORDING TO THE SURGEON GENERAL, WOMEN SHOULD NOT DRINK ALCOHOLIC BEVERAGES DURING PREGNANCY BECAUSE OF THE RISK OF BIRTH DEFECTS. (2) CONSUMPTION OF ALCOHOLIC BEVERAGES IMPAIRS YOUR ABILITY TO DRIVE A CAR OR OPERATE MACHINERY, AND MAY CAUSE HEALTH PROBLEMS.",wine_reject.png,REJECT
BATCH-COLA-2026-227,EL TEQUILEÑO REPOSADO,TEQUILA REPOSADO,40.0%,80,750 ML,"AGAVE REAL S.A. DE C.V., JALISCO",PRODUCT OF MEXICO,"GOVERNMENT WARNING: (1) ACCORDING TO THE SURGEON GENERAL, WOMEN SHOULD NOT DRINK ALCOHOLIC BEVERAGES DURING PREGNANCY BECAUSE OF THE RISK OF BIRTH DEFECTS. (2) CONSUMPTION OF ALCOHOLIC BEVERAGES IMPAIRS YOUR ABILITY TO DRIVE A CAR OR OPERATE MACHINERY, AND MAY CAUSE HEALTH PROBLEMS.",tequila_review.png,NEEDS REVIEW
BATCH-COLA-2026-228,OAK & HOPS CRAFT IPA,BEER,6.5%,N/A,12 FL OZ,"OAK BREWING CO., PORTLAND, OR",PRODUCT OF USA,"GOVERNMENT WARNING: (1) ACCORDING TO THE SURGEON GENERAL, WOMEN SHOULD NOT DRINK ALCOHOLIC BEVERAGES DURING PREGNANCY BECAUSE OF THE RISK OF BIRTH DEFECTS. (2) CONSUMPTION OF ALCOHOLIC BEVERAGES IMPAIRS YOUR ABILITY TO DRIVE A CAR OR OPERATE MACHINERY, AND MAY CAUSE HEALTH PROBLEMS.",beer_reject.png,REJECT
BATCH-COLA-2026-229,HIGHLAND RESERVE,KENTUCKY STRAIGHT BOURBON WHISKEY,45.0%,90,750 ML,"HIGHLAND DISTILLING CO., LOUISVILLE, KY",PRODUCT OF USA,"GOVERNMENT WARNING: (1) ACCORDING TO THE SURGEON GENERAL, WOMEN SHOULD NOT DRINK ALCOHOLIC BEVERAGES DURING PREGNANCY BECAUSE OF THE RISK OF BIRTH DEFECTS. (2) CONSUMPTION OF ALCOHOLIC BEVERAGES IMPAIRS YOUR ABILITY TO DRIVE A CAR OR OPERATE MACHINERY, AND MAY CAUSE HEALTH PROBLEMS.",whiskey_pass.png,PASS
BATCH-COLA-2026-230,CHATEAU BELLEVIEW,RED WINE,14.8%,N/A,750 ML,"BELLEVIEW VINEYARDS, NAPA, CA",PRODUCT OF USA,"GOVERNMENT WARNING: (1) ACCORDING TO THE SURGEON GENERAL, WOMEN SHOULD NOT DRINK ALCOHOLIC BEVERAGES DURING PREGNANCY BECAUSE OF THE RISK OF BIRTH DEFECTS. (2) CONSUMPTION OF ALCOHOLIC BEVERAGES IMPAIRS YOUR ABILITY TO DRIVE A CAR OR OPERATE MACHINERY, AND MAY CAUSE HEALTH PROBLEMS.",wine_reject.png,REJECT
BATCH-COLA-2026-231,EL TEQUILEÑO REPOSADO,TEQUILA REPOSADO,40.0%,80,750 ML,"AGAVE REAL S.A. DE C.V., JALISCO",PRODUCT OF MEXICO,"GOVERNMENT WARNING: (1) ACCORDING TO THE SURGEON GENERAL, WOMEN SHOULD NOT DRINK ALCOHOLIC BEVERAGES DURING PREGNANCY BECAUSE OF THE RISK OF BIRTH DEFECTS. (2) CONSUMPTION OF ALCOHOLIC BEVERAGES IMPAIRS YOUR ABILITY TO DRIVE A CAR OR OPERATE MACHINERY, AND MAY CAUSE HEALTH PROBLEMS.",tequila_review.png,NEEDS REVIEW
BATCH-COLA-2026-232,OAK & HOPS CRAFT IPA,BEER,6.5%,N/A,12 FL OZ,"OAK BREWING CO., PORTLAND, OR",PRODUCT OF USA,"GOVERNMENT WARNING: (1) ACCORDING TO THE SURGEON GENERAL, WOMEN SHOULD NOT DRINK ALCOHOLIC BEVERAGES DURING PREGNANCY BECAUSE OF THE RISK OF BIRTH DEFECTS. (2) CONSUMPTION OF ALCOHOLIC BEVERAGES IMPAIRS YOUR ABILITY TO DRIVE A CAR OR OPERATE MACHINERY, AND MAY CAUSE HEALTH PROBLEMS.",beer_reject.png,REJECT
BATCH-COLA-2026-233,HIGHLAND RESERVE,KENTUCKY STRAIGHT BOURBON WHISKEY,45.0%,90,750 ML,"HIGHLAND DISTILLING CO., LOUISVILLE, KY",PRODUCT OF USA,"GOVERNMENT WARNING: (1) ACCORDING TO THE SURGEON GENERAL, WOMEN SHOULD NOT DRINK ALCOHOLIC BEVERAGES DURING PREGNANCY BECAUSE OF THE RISK OF BIRTH DEFECTS. (2) CONSUMPTION OF ALCOHOLIC BEVERAGES IMPAIRS YOUR ABILITY TO DRIVE A CAR OR OPERATE MACHINERY, AND MAY CAUSE HEALTH PROBLEMS.",whiskey_pass.png,PASS
BATCH-COLA-2026-234,CHATEAU BELLEVIEW,RED WINE,14.8%,N/A,750 ML,"BELLEVIEW VINEYARDS, NAPA, CA",PRODUCT OF USA,"GOVERNMENT WARNING: (1) ACCORDING TO THE SURGEON GENERAL, WOMEN SHOULD NOT DRINK ALCOHOLIC BEVERAGES DURING PREGNANCY BECAUSE OF THE RISK OF BIRTH DEFECTS. (2) CONSUMPTION OF ALCOHOLIC BEVERAGES IMPAIRS YOUR ABILITY TO DRIVE A CAR OR OPERATE MACHINERY, AND MAY CAUSE HEALTH PROBLEMS.",wine_reject.png,REJECT
BATCH-COLA-2026-235,EL TEQUILEÑO REPOSADO,TEQUILA REPOSADO,40.0%,80,750 ML,"AGAVE REAL S.A. DE C.V., JALISCO",PRODUCT OF MEXICO,"GOVERNMENT WARNING: (1) ACCORDING TO THE SURGEON GENERAL, WOMEN SHOULD NOT DRINK ALCOHOLIC BEVERAGES DURING PREGNANCY BECAUSE OF THE RISK OF BIRTH DEFECTS. (2) CONSUMPTION OF ALCOHOLIC BEVERAGES IMPAIRS YOUR ABILITY TO DRIVE A CAR OR OPERATE MACHINERY, AND MAY CAUSE HEALTH PROBLEMS.",tequila_review.png,NEEDS REVIEW
BATCH-COLA-2026-236,OAK & HOPS CRAFT IPA,BEER,6.5%,N/A,12 FL OZ,"OAK BREWING CO., PORTLAND, OR",PRODUCT OF USA,"GOVERNMENT WARNING: (1) ACCORDING TO THE SURGEON GENERAL, WOMEN SHOULD NOT DRINK ALCOHOLIC BEVERAGES DURING PREGNANCY BECAUSE OF THE RISK OF BIRTH DEFECTS. (2) CONSUMPTION OF ALCOHOLIC BEVERAGES IMPAIRS YOUR ABILITY TO DRIVE A CAR OR OPERATE MACHINERY, AND MAY CAUSE HEALTH PROBLEMS.",beer_reject.png,REJECT
BATCH-COLA-2026-237,HIGHLAND RESERVE,KENTUCKY STRAIGHT BOURBON WHISKEY,45.0%,90,750 ML,"HIGHLAND DISTILLING CO., LOUISVILLE, KY",PRODUCT OF USA,"GOVERNMENT WARNING: (1) ACCORDING TO THE SURGEON GENERAL, WOMEN SHOULD NOT DRINK ALCOHOLIC BEVERAGES DURING PREGNANCY BECAUSE OF THE RISK OF BIRTH DEFECTS. (2) CONSUMPTION OF ALCOHOLIC BEVERAGES IMPAIRS YOUR ABILITY TO DRIVE A CAR OR OPERATE MACHINERY, AND MAY CAUSE HEALTH PROBLEMS.",whiskey_pass.png,PASS
BATCH-COLA-2026-238,CHATEAU BELLEVIEW,RED WINE,14.8%,N/A,750 ML,"BELLEVIEW VINEYARDS, NAPA, CA",PRODUCT OF USA,"GOVERNMENT WARNING: (1) ACCORDING TO THE SURGEON GENERAL, WOMEN SHOULD NOT DRINK ALCOHOLIC BEVERAGES DURING PREGNANCY BECAUSE OF THE RISK OF BIRTH DEFECTS. (2) CONSUMPTION OF ALCOHOLIC BEVERAGES IMPAIRS YOUR ABILITY TO DRIVE A CAR OR OPERATE MACHINERY, AND MAY CAUSE HEALTH PROBLEMS.",wine_reject.png,REJECT
BATCH-COLA-2026-239,EL TEQUILEÑO REPOSADO,TEQUILA REPOSADO,40.0%,80,750 ML,"AGAVE REAL S.A. DE C.V., JALISCO",PRODUCT OF MEXICO,"GOVERNMENT WARNING: (1) ACCORDING TO THE SURGEON GENERAL, WOMEN SHOULD NOT DRINK ALCOHOLIC BEVERAGES DURING PREGNANCY BECAUSE OF THE RISK OF BIRTH DEFECTS. (2) CONSUMPTION OF ALCOHOLIC BEVERAGES IMPAIRS YOUR ABILITY TO DRIVE A CAR OR OPERATE MACHINERY, AND MAY CAUSE HEALTH PROBLEMS.",tequila_review.png,NEEDS REVIEW
BATCH-COLA-2026-240,OAK & HOPS CRAFT IPA,BEER,6.5%,N/A,12 FL OZ,"OAK BREWING CO., PORTLAND, OR",PRODUCT OF USA,"GOVERNMENT WARNING: (1) ACCORDING TO THE SURGEON GENERAL, WOMEN SHOULD NOT DRINK ALCOHOLIC BEVERAGES DURING PREGNANCY BECAUSE OF THE RISK OF BIRTH DEFECTS. (2) CONSUMPTION OF ALCOHOLIC BEVERAGES IMPAIRS YOUR ABILITY TO DRIVE A CAR OR OPERATE MACHINERY, AND MAY CAUSE HEALTH PROBLEMS.",beer_reject.png,REJECT
BATCH-COLA-2026-241,HIGHLAND RESERVE,KENTUCKY STRAIGHT BOURBON WHISKEY,45.0%,90,750 ML,"HIGHLAND DISTILLING CO., LOUISVILLE, KY",PRODUCT OF USA,"GOVERNMENT WARNING: (1) ACCORDING TO THE SURGEON GENERAL, WOMEN SHOULD NOT DRINK ALCOHOLIC BEVERAGES DURING PREGNANCY BECAUSE OF THE RISK OF BIRTH DEFECTS. (2) CONSUMPTION OF ALCOHOLIC BEVERAGES IMPAIRS YOUR ABILITY TO DRIVE A CAR OR OPERATE MACHINERY, AND MAY CAUSE HEALTH PROBLEMS.",whiskey_pass.png,PASS
BATCH-COLA-2026-242,CHATEAU BELLEVIEW,RED WINE,14.8%,N/A,750 ML,"BELLEVIEW VINEYARDS, NAPA, CA",PRODUCT OF USA,"GOVERNMENT WARNING: (1) ACCORDING TO THE SURGEON GENERAL, WOMEN SHOULD NOT DRINK ALCOHOLIC BEVERAGES DURING PREGNANCY BECAUSE OF THE RISK OF BIRTH DEFECTS. (2) CONSUMPTION OF ALCOHOLIC BEVERAGES IMPAIRS YOUR ABILITY TO DRIVE A CAR OR OPERATE MACHINERY, AND MAY CAUSE HEALTH PROBLEMS.",wine_reject.png,REJECT
BATCH-COLA-2026-243,EL TEQUILEÑO REPOSADO,TEQUILA REPOSADO,40.0%,80,750 ML,"AGAVE REAL S.A. DE C.V., JALISCO",PRODUCT OF MEXICO,"GOVERNMENT WARNING: (1) ACCORDING TO THE SURGEON GENERAL, WOMEN SHOULD NOT DRINK ALCOHOLIC BEVERAGES DURING PREGNANCY BECAUSE OF THE RISK OF BIRTH DEFECTS. (2) CONSUMPTION OF ALCOHOLIC BEVERAGES IMPAIRS YOUR ABILITY TO DRIVE A CAR OR OPERATE MACHINERY, AND MAY CAUSE HEALTH PROBLEMS.",tequila_review.png,NEEDS REVIEW
BATCH-COLA-2026-244,OAK & HOPS CRAFT IPA,BEER,6.5%,N/A,12 FL OZ,"OAK BREWING CO., PORTLAND, OR",PRODUCT OF USA,"GOVERNMENT WARNING: (1) ACCORDING TO THE SURGEON GENERAL, WOMEN SHOULD NOT DRINK ALCOHOLIC BEVERAGES DURING PREGNANCY BECAUSE OF THE RISK OF BIRTH DEFECTS. (2) CONSUMPTION OF ALCOHOLIC BEVERAGES IMPAIRS YOUR ABILITY TO DRIVE A CAR OR OPERATE MACHINERY, AND MAY CAUSE HEALTH PROBLEMS.",beer_reject.png,REJECT
BATCH-COLA-2026-245,HIGHLAND RESERVE,KENTUCKY STRAIGHT BOURBON WHISKEY,45.0%,90,750 ML,"HIGHLAND DISTILLING CO., LOUISVILLE, KY",PRODUCT OF USA,"GOVERNMENT WARNING: (1) ACCORDING TO THE SURGEON GENERAL, WOMEN SHOULD NOT DRINK ALCOHOLIC BEVERAGES DURING PREGNANCY BECAUSE OF THE RISK OF BIRTH DEFECTS. (2) CONSUMPTION OF ALCOHOLIC BEVERAGES IMPAIRS YOUR ABILITY TO DRIVE A CAR OR OPERATE MACHINERY, AND MAY CAUSE HEALTH PROBLEMS.",whiskey_pass.png,PASS
BATCH-COLA-2026-246,CHATEAU BELLEVIEW,RED WINE,14.8%,N/A,750 ML,"BELLEVIEW VINEYARDS, NAPA, CA",PRODUCT OF USA,"GOVERNMENT WARNING: (1) ACCORDING TO THE SURGEON GENERAL, WOMEN SHOULD NOT DRINK ALCOHOLIC BEVERAGES DURING PREGNANCY BECAUSE OF THE RISK OF BIRTH DEFECTS. (2) CONSUMPTION OF ALCOHOLIC BEVERAGES IMPAIRS YOUR ABILITY TO DRIVE A CAR OR OPERATE MACHINERY, AND MAY CAUSE HEALTH PROBLEMS.",wine_reject.png,REJECT
BATCH-COLA-2026-247,EL TEQUILEÑO REPOSADO,TEQUILA REPOSADO,40.0%,80,750 ML,"AGAVE REAL S.A. DE C.V., JALISCO",PRODUCT OF MEXICO,"GOVERNMENT WARNING: (1) ACCORDING TO THE SURGEON GENERAL, WOMEN SHOULD NOT DRINK ALCOHOLIC BEVERAGES DURING PREGNANCY BECAUSE OF THE RISK OF BIRTH DEFECTS. (2) CONSUMPTION OF ALCOHOLIC BEVERAGES IMPAIRS YOUR ABILITY TO DRIVE A CAR OR OPERATE MACHINERY, AND MAY CAUSE HEALTH PROBLEMS.",tequila_review.png,NEEDS REVIEW
BATCH-COLA-2026-248,OAK & HOPS CRAFT IPA,BEER,6.5%,N/A,12 FL OZ,"OAK BREWING CO., PORTLAND, OR",PRODUCT OF USA,"GOVERNMENT WARNING: (1) ACCORDING TO THE SURGEON GENERAL, WOMEN SHOULD NOT DRINK ALCOHOLIC BEVERAGES DURING PREGNANCY BECAUSE OF THE RISK OF BIRTH DEFECTS. (2) CONSUMPTION OF ALCOHOLIC BEVERAGES IMPAIRS YOUR ABILITY TO DRIVE A CAR OR OPERATE MACHINERY, AND MAY CAUSE HEALTH PROBLEMS.",beer_reject.png,REJECT
BATCH-COLA-2026-249,HIGHLAND RESERVE,KENTUCKY STRAIGHT BOURBON WHISKEY,45.0%,90,750 ML,"HIGHLAND DISTILLING CO., LOUISVILLE, KY",PRODUCT OF USA,"GOVERNMENT WARNING: (1) ACCORDING TO THE SURGEON GENERAL, WOMEN SHOULD NOT DRINK ALCOHOLIC BEVERAGES DURING PREGNANCY BECAUSE OF THE RISK OF BIRTH DEFECTS. (2) CONSUMPTION OF ALCOHOLIC BEVERAGES IMPAIRS YOUR ABILITY TO DRIVE A CAR OR OPERATE MACHINERY, AND MAY CAUSE HEALTH PROBLEMS.",whiskey_pass.png,PASS
BATCH-COLA-2026-250,CHATEAU BELLEVIEW,RED WINE,14.8%,N/A,750 ML,"BELLEVIEW VINEYARDS, NAPA, CA",PRODUCT OF USA,"GOVERNMENT WARNING: (1) ACCORDING TO THE SURGEON GENERAL, WOMEN SHOULD NOT DRINK ALCOHOLIC BEVERAGES DURING PREGNANCY BECAUSE OF THE RISK OF BIRTH DEFECTS. (2) CONSUMPTION OF ALCOHOLIC BEVERAGES IMPAIRS YOUR ABILITY TO DRIVE A CAR OR OPERATE MACHINERY, AND MAY CAUSE HEALTH PROBLEMS.",wine_reject.png,REJECT
BATCH-COLA-2026-251,EL TEQUILEÑO REPOSADO,TEQUILA REPOSADO,40.0%,80,750 ML,"AGAVE REAL S.A. DE C.V., JALISCO",PRODUCT OF MEXICO,"GOVERNMENT WARNING: (1) ACCORDING TO THE SURGEON GENERAL, WOMEN SHOULD NOT DRINK ALCOHOLIC BEVERAGES DURING PREGNANCY BECAUSE OF THE RISK OF BIRTH DEFECTS. (2) CONSUMPTION OF ALCOHOLIC BEVERAGES IMPAIRS YOUR ABILITY TO DRIVE A CAR OR OPERATE MACHINERY, AND MAY CAUSE HEALTH PROBLEMS.",tequila_review.png,NEEDS REVIEW
BATCH-COLA-2026-252,OAK & HOPS CRAFT IPA,BEER,6.5%,N/A,12 FL OZ,"OAK BREWING CO., PORTLAND, OR",PRODUCT OF USA,"GOVERNMENT WARNING: (1) ACCORDING TO THE SURGEON GENERAL, WOMEN SHOULD NOT DRINK ALCOHOLIC BEVERAGES DURING PREGNANCY BECAUSE OF THE RISK OF BIRTH DEFECTS. (2) CONSUMPTION OF ALCOHOLIC BEVERAGES IMPAIRS YOUR ABILITY TO DRIVE A CAR OR OPERATE MACHINERY, AND MAY CAUSE HEALTH PROBLEMS.",beer_reject.png,REJECT
BATCH-COLA-2026-253,HIGHLAND RESERVE,KENTUCKY STRAIGHT BOURBON WHISKEY,45.0%,90,750 ML,"HIGHLAND DISTILLING CO., LOUISVILLE, KY",PRODUCT OF USA,"GOVERNMENT WARNING: (1) ACCORDING TO THE SURGEON GENERAL, WOMEN SHOULD NOT DRINK ALCOHOLIC BEVERAGES DURING PREGNANCY BECAUSE OF THE RISK OF BIRTH DEFECTS. (2) CONSUMPTION OF ALCOHOLIC BEVERAGES IMPAIRS YOUR ABILITY TO DRIVE A CAR OR OPERATE MACHINERY, AND MAY CAUSE HEALTH PROBLEMS.",whiskey_pass.png,PASS
BATCH-COLA-2026-254,CHATEAU BELLEVIEW,RED WINE,14.8%,N/A,750 ML,"BELLEVIEW VINEYARDS, NAPA, CA",PRODUCT OF USA,"GOVERNMENT WARNING: (1) ACCORDING TO THE SURGEON GENERAL, WOMEN SHOULD NOT DRINK ALCOHOLIC BEVERAGES DURING PREGNANCY BECAUSE OF THE RISK OF BIRTH DEFECTS. (2) CONSUMPTION OF ALCOHOLIC BEVERAGES IMPAIRS YOUR ABILITY TO DRIVE A CAR OR OPERATE MACHINERY, AND MAY CAUSE HEALTH PROBLEMS.",wine_reject.png,REJECT
BATCH-COLA-2026-255,EL TEQUILEÑO REPOSADO,TEQUILA REPOSADO,40.0%,80,750 ML,"AGAVE REAL S.A. DE C.V., JALISCO",PRODUCT OF MEXICO,"GOVERNMENT WARNING: (1) ACCORDING TO THE SURGEON GENERAL, WOMEN SHOULD NOT DRINK ALCOHOLIC BEVERAGES DURING PREGNANCY BECAUSE OF THE RISK OF BIRTH DEFECTS. (2) CONSUMPTION OF ALCOHOLIC BEVERAGES IMPAIRS YOUR ABILITY TO DRIVE A CAR OR OPERATE MACHINERY, AND MAY CAUSE HEALTH PROBLEMS.",tequila_review.png,NEEDS REVIEW
BATCH-COLA-2026-256,OAK & HOPS CRAFT IPA,BEER,6.5%,N/A,12 FL OZ,"OAK BREWING CO., PORTLAND, OR",PRODUCT OF USA,"GOVERNMENT WARNING: (1) ACCORDING TO THE SURGEON GENERAL, WOMEN SHOULD NOT DRINK ALCOHOLIC BEVERAGES DURING PREGNANCY BECAUSE OF THE RISK OF BIRTH DEFECTS. (2) CONSUMPTION OF ALCOHOLIC BEVERAGES IMPAIRS YOUR ABILITY TO DRIVE A CAR OR OPERATE MACHINERY, AND MAY CAUSE HEALTH PROBLEMS.",beer_reject.png,REJECT
BATCH-COLA-2026-257,HIGHLAND RESERVE,KENTUCKY STRAIGHT BOURBON WHISKEY,45.0%,90,750 ML,"HIGHLAND DISTILLING CO., LOUISVILLE, KY",PRODUCT OF USA,"GOVERNMENT WARNING: (1) ACCORDING TO THE SURGEON GENERAL, WOMEN SHOULD NOT DRINK ALCOHOLIC BEVERAGES DURING PREGNANCY BECAUSE OF THE RISK OF BIRTH DEFECTS. (2) CONSUMPTION OF ALCOHOLIC BEVERAGES IMPAIRS YOUR ABILITY TO DRIVE A CAR OR OPERATE MACHINERY, AND MAY CAUSE HEALTH PROBLEMS.",whiskey_pass.png,PASS
BATCH-COLA-2026-258,CHATEAU BELLEVIEW,RED WINE,14.8%,N/A,750 ML,"BELLEVIEW VINEYARDS, NAPA, CA",PRODUCT OF USA,"GOVERNMENT WARNING: (1) ACCORDING TO THE SURGEON GENERAL, WOMEN SHOULD NOT DRINK ALCOHOLIC BEVERAGES DURING PREGNANCY BECAUSE OF THE RISK OF BIRTH DEFECTS. (2) CONSUMPTION OF ALCOHOLIC BEVERAGES IMPAIRS YOUR ABILITY TO DRIVE A CAR OR OPERATE MACHINERY, AND MAY CAUSE HEALTH PROBLEMS.",wine_reject.png,REJECT
BATCH-COLA-2026-259,EL TEQUILEÑO REPOSADO,TEQUILA REPOSADO,40.0%,80,750 ML,"AGAVE REAL S.A. DE C.V., JALISCO",PRODUCT OF MEXICO,"GOVERNMENT WARNING: (1) ACCORDING TO THE SURGEON GENERAL, WOMEN SHOULD NOT DRINK ALCOHOLIC BEVERAGES DURING PREGNANCY BECAUSE OF THE RISK OF BIRTH DEFECTS. (2) CONSUMPTION OF ALCOHOLIC BEVERAGES IMPAIRS YOUR ABILITY TO DRIVE A CAR OR OPERATE MACHINERY, AND MAY CAUSE HEALTH PROBLEMS.",tequila_review.png,NEEDS REVIEW
BATCH-COLA-2026-260,OAK & HOPS CRAFT IPA,BEER,6.5%,N/A,12 FL OZ,"OAK BREWING CO., PORTLAND, OR",PRODUCT OF USA,"GOVERNMENT WARNING: (1) ACCORDING TO THE SURGEON GENERAL, WOMEN SHOULD NOT DRINK ALCOHOLIC BEVERAGES DURING PREGNANCY BECAUSE OF THE RISK OF BIRTH DEFECTS. (2) CONSUMPTION OF ALCOHOLIC BEVERAGES IMPAIRS YOUR ABILITY TO DRIVE A CAR OR OPERATE MACHINERY, AND MAY CAUSE HEALTH PROBLEMS.",beer_reject.png,REJECT
BATCH-COLA-2026-261,HIGHLAND RESERVE,KENTUCKY STRAIGHT BOURBON WHISKEY,45.0%,90,750 ML,"HIGHLAND DISTILLING CO., LOUISVILLE, KY",PRODUCT OF USA,"GOVERNMENT WARNING: (1) ACCORDING TO THE SURGEON GENERAL, WOMEN SHOULD NOT DRINK ALCOHOLIC BEVERAGES DURING PREGNANCY BECAUSE OF THE RISK OF BIRTH DEFECTS. (2) CONSUMPTION OF ALCOHOLIC BEVERAGES IMPAIRS YOUR ABILITY TO DRIVE A CAR OR OPERATE MACHINERY, AND MAY CAUSE HEALTH PROBLEMS.",whiskey_pass.png,PASS
BATCH-COLA-2026-262,CHATEAU BELLEVIEW,RED WINE,14.8%,N/A,750 ML,"BELLEVIEW VINEYARDS, NAPA, CA",PRODUCT OF USA,"GOVERNMENT WARNING: (1) ACCORDING TO THE SURGEON GENERAL, WOMEN SHOULD NOT DRINK ALCOHOLIC BEVERAGES DURING PREGNANCY BECAUSE OF THE RISK OF BIRTH DEFECTS. (2) CONSUMPTION OF ALCOHOLIC BEVERAGES IMPAIRS YOUR ABILITY TO DRIVE A CAR OR OPERATE MACHINERY, AND MAY CAUSE HEALTH PROBLEMS.",wine_reject.png,REJECT
BATCH-COLA-2026-263,EL TEQUILEÑO REPOSADO,TEQUILA REPOSADO,40.0%,80,750 ML,"AGAVE REAL S.A. DE C.V., JALISCO",PRODUCT OF MEXICO,"GOVERNMENT WARNING: (1) ACCORDING TO THE SURGEON GENERAL, WOMEN SHOULD NOT DRINK ALCOHOLIC BEVERAGES DURING PREGNANCY BECAUSE OF THE RISK OF BIRTH DEFECTS. (2) CONSUMPTION OF ALCOHOLIC BEVERAGES IMPAIRS YOUR ABILITY TO DRIVE A CAR OR OPERATE MACHINERY, AND MAY CAUSE HEALTH PROBLEMS.",tequila_review.png,NEEDS REVIEW
BATCH-COLA-2026-264,OAK & HOPS CRAFT IPA,BEER,6.5%,N/A,12 FL OZ,"OAK BREWING CO., PORTLAND, OR",PRODUCT OF USA,"GOVERNMENT WARNING: (1) ACCORDING TO THE SURGEON GENERAL, WOMEN SHOULD NOT DRINK ALCOHOLIC BEVERAGES DURING PREGNANCY BECAUSE OF THE RISK OF BIRTH DEFECTS. (2) CONSUMPTION OF ALCOHOLIC BEVERAGES IMPAIRS YOUR ABILITY TO DRIVE A CAR OR OPERATE MACHINERY, AND MAY CAUSE HEALTH PROBLEMS.",beer_reject.png,REJECT
BATCH-COLA-2026-265,HIGHLAND RESERVE,KENTUCKY STRAIGHT BOURBON WHISKEY,45.0%,90,750 ML,"HIGHLAND DISTILLING CO., LOUISVILLE, KY",PRODUCT OF USA,"GOVERNMENT WARNING: (1) ACCORDING TO THE SURGEON GENERAL, WOMEN SHOULD NOT DRINK ALCOHOLIC BEVERAGES DURING PREGNANCY BECAUSE OF THE RISK OF BIRTH DEFECTS. (2) CONSUMPTION OF ALCOHOLIC BEVERAGES IMPAIRS YOUR ABILITY TO DRIVE A CAR OR OPERATE MACHINERY, AND MAY CAUSE HEALTH PROBLEMS.",whiskey_pass.png,PASS
BATCH-COLA-2026-266,CHATEAU BELLEVIEW,RED WINE,14.8%,N/A,750 ML,"BELLEVIEW VINEYARDS, NAPA, CA",PRODUCT OF USA,"GOVERNMENT WARNING: (1) ACCORDING TO THE SURGEON GENERAL, WOMEN SHOULD NOT DRINK ALCOHOLIC BEVERAGES DURING PREGNANCY BECAUSE OF THE RISK OF BIRTH DEFECTS. (2) CONSUMPTION OF ALCOHOLIC BEVERAGES IMPAIRS YOUR ABILITY TO DRIVE A CAR OR OPERATE MACHINERY, AND MAY CAUSE HEALTH PROBLEMS.",wine_reject.png,REJECT
BATCH-COLA-2026-267,EL TEQUILEÑO REPOSADO,TEQUILA REPOSADO,40.0%,80,750 ML,"AGAVE REAL S.A. DE C.V., JALISCO",PRODUCT OF MEXICO,"GOVERNMENT WARNING: (1) ACCORDING TO THE SURGEON GENERAL, WOMEN SHOULD NOT DRINK ALCOHOLIC BEVERAGES DURING PREGNANCY BECAUSE OF THE RISK OF BIRTH DEFECTS. (2) CONSUMPTION OF ALCOHOLIC BEVERAGES IMPAIRS YOUR ABILITY TO DRIVE A CAR OR OPERATE MACHINERY, AND MAY CAUSE HEALTH PROBLEMS.",tequila_review.png,NEEDS REVIEW
BATCH-COLA-2026-268,OAK & HOPS CRAFT IPA,BEER,6.5%,N/A,12 FL OZ,"OAK BREWING CO., PORTLAND, OR",PRODUCT OF USA,"GOVERNMENT WARNING: (1) ACCORDING TO THE SURGEON GENERAL, WOMEN SHOULD NOT DRINK ALCOHOLIC BEVERAGES DURING PREGNANCY BECAUSE OF THE RISK OF BIRTH DEFECTS. (2) CONSUMPTION OF ALCOHOLIC BEVERAGES IMPAIRS YOUR ABILITY TO DRIVE A CAR OR OPERATE MACHINERY, AND MAY CAUSE HEALTH PROBLEMS.",beer_reject.png,REJECT
BATCH-COLA-2026-269,HIGHLAND RESERVE,KENTUCKY STRAIGHT BOURBON WHISKEY,45.0%,90,750 ML,"HIGHLAND DISTILLING CO., LOUISVILLE, KY",PRODUCT OF USA,"GOVERNMENT WARNING: (1) ACCORDING TO THE SURGEON GENERAL, WOMEN SHOULD NOT DRINK ALCOHOLIC BEVERAGES DURING PREGNANCY BECAUSE OF THE RISK OF BIRTH DEFECTS. (2) CONSUMPTION OF ALCOHOLIC BEVERAGES IMPAIRS YOUR ABILITY TO DRIVE A CAR OR OPERATE MACHINERY, AND MAY CAUSE HEALTH PROBLEMS.",whiskey_pass.png,PASS
BATCH-COLA-2026-270,CHATEAU BELLEVIEW,RED WINE,14.8%,N/A,750 ML,"BELLEVIEW VINEYARDS, NAPA, CA",PRODUCT OF USA,"GOVERNMENT WARNING: (1) ACCORDING TO THE SURGEON GENERAL, WOMEN SHOULD NOT DRINK ALCOHOLIC BEVERAGES DURING PREGNANCY BECAUSE OF THE RISK OF BIRTH DEFECTS. (2) CONSUMPTION OF ALCOHOLIC BEVERAGES IMPAIRS YOUR ABILITY TO DRIVE A CAR OR OPERATE MACHINERY, AND MAY CAUSE HEALTH PROBLEMS.",wine_reject.png,REJECT
BATCH-COLA-2026-271,EL TEQUILEÑO REPOSADO,TEQUILA REPOSADO,40.0%,80,750 ML,"AGAVE REAL S.A. DE C.V., JALISCO",PRODUCT OF MEXICO,"GOVERNMENT WARNING: (1) ACCORDING TO THE SURGEON GENERAL, WOMEN SHOULD NOT DRINK ALCOHOLIC BEVERAGES DURING PREGNANCY BECAUSE OF THE RISK OF BIRTH DEFECTS. (2) CONSUMPTION OF ALCOHOLIC BEVERAGES IMPAIRS YOUR ABILITY TO DRIVE A CAR OR OPERATE MACHINERY, AND MAY CAUSE HEALTH PROBLEMS.",tequila_review.png,NEEDS REVIEW
BATCH-COLA-2026-272,OAK & HOPS CRAFT IPA,BEER,6.5%,N/A,12 FL OZ,"OAK BREWING CO., PORTLAND, OR",PRODUCT OF USA,"GOVERNMENT WARNING: (1) ACCORDING TO THE SURGEON GENERAL, WOMEN SHOULD NOT DRINK ALCOHOLIC BEVERAGES DURING PREGNANCY BECAUSE OF THE RISK OF BIRTH DEFECTS. (2) CONSUMPTION OF ALCOHOLIC BEVERAGES IMPAIRS YOUR ABILITY TO DRIVE A CAR OR OPERATE MACHINERY, AND MAY CAUSE HEALTH PROBLEMS.",beer_reject.png,REJECT
BATCH-COLA-2026-273,HIGHLAND RESERVE,KENTUCKY STRAIGHT BOURBON WHISKEY,45.0%,90,750 ML,"HIGHLAND DISTILLING CO., LOUISVILLE, KY",PRODUCT OF USA,"GOVERNMENT WARNING: (1) ACCORDING TO THE SURGEON GENERAL, WOMEN SHOULD NOT DRINK ALCOHOLIC BEVERAGES DURING PREGNANCY BECAUSE OF THE RISK OF BIRTH DEFECTS. (2) CONSUMPTION OF ALCOHOLIC BEVERAGES IMPAIRS YOUR ABILITY TO DRIVE A CAR OR OPERATE MACHINERY, AND MAY CAUSE HEALTH PROBLEMS.",whiskey_pass.png,PASS
BATCH-COLA-2026-274,CHATEAU BELLEVIEW,RED WINE,14.8%,N/A,750 ML,"BELLEVIEW VINEYARDS, NAPA, CA",PRODUCT OF USA,"GOVERNMENT WARNING: (1) ACCORDING TO THE SURGEON GENERAL, WOMEN SHOULD NOT DRINK ALCOHOLIC BEVERAGES DURING PREGNANCY BECAUSE OF THE RISK OF BIRTH DEFECTS. (2) CONSUMPTION OF ALCOHOLIC BEVERAGES IMPAIRS YOUR ABILITY TO DRIVE A CAR OR OPERATE MACHINERY, AND MAY CAUSE HEALTH PROBLEMS.",wine_reject.png,REJECT
BATCH-COLA-2026-275,EL TEQUILEÑO REPOSADO,TEQUILA REPOSADO,40.0%,80,750 ML,"AGAVE REAL S.A. DE C.V., JALISCO",PRODUCT OF MEXICO,"GOVERNMENT WARNING: (1) ACCORDING TO THE SURGEON GENERAL, WOMEN SHOULD NOT DRINK ALCOHOLIC BEVERAGES DURING PREGNANCY BECAUSE OF THE RISK OF BIRTH DEFECTS. (2) CONSUMPTION OF ALCOHOLIC BEVERAGES IMPAIRS YOUR ABILITY TO DRIVE A CAR OR OPERATE MACHINERY, AND MAY CAUSE HEALTH PROBLEMS.",tequila_review.png,NEEDS REVIEW
BATCH-COLA-2026-276,OAK & HOPS CRAFT IPA,BEER,6.5%,N/A,12 FL OZ,"OAK BREWING CO., PORTLAND, OR",PRODUCT OF USA,"GOVERNMENT WARNING: (1) ACCORDING TO THE SURGEON GENERAL, WOMEN SHOULD NOT DRINK ALCOHOLIC BEVERAGES DURING PREGNANCY BECAUSE OF THE RISK OF BIRTH DEFECTS. (2) CONSUMPTION OF ALCOHOLIC BEVERAGES IMPAIRS YOUR ABILITY TO DRIVE A CAR OR OPERATE MACHINERY, AND MAY CAUSE HEALTH PROBLEMS.",beer_reject.png,REJECT
BATCH-COLA-2026-277,HIGHLAND RESERVE,KENTUCKY STRAIGHT BOURBON WHISKEY,45.0%,90,750 ML,"HIGHLAND DISTILLING CO., LOUISVILLE, KY",PRODUCT OF USA,"GOVERNMENT WARNING: (1) ACCORDING TO THE SURGEON GENERAL, WOMEN SHOULD NOT DRINK ALCOHOLIC BEVERAGES DURING PREGNANCY BECAUSE OF THE RISK OF BIRTH DEFECTS. (2) CONSUMPTION OF ALCOHOLIC BEVERAGES IMPAIRS YOUR ABILITY TO DRIVE A CAR OR OPERATE MACHINERY, AND MAY CAUSE HEALTH PROBLEMS.",whiskey_pass.png,PASS
BATCH-COLA-2026-278,CHATEAU BELLEVIEW,RED WINE,14.8%,N/A,750 ML,"BELLEVIEW VINEYARDS, NAPA, CA",PRODUCT OF USA,"GOVERNMENT WARNING: (1) ACCORDING TO THE SURGEON GENERAL, WOMEN SHOULD NOT DRINK ALCOHOLIC BEVERAGES DURING PREGNANCY BECAUSE OF THE RISK OF BIRTH DEFECTS. (2) CONSUMPTION OF ALCOHOLIC BEVERAGES IMPAIRS YOUR ABILITY TO DRIVE A CAR OR OPERATE MACHINERY, AND MAY CAUSE HEALTH PROBLEMS.",wine_reject.png,REJECT
BATCH-COLA-2026-279,EL TEQUILEÑO REPOSADO,TEQUILA REPOSADO,40.0%,80,750 ML,"AGAVE REAL S.A. DE C.V., JALISCO",PRODUCT OF MEXICO,"GOVERNMENT WARNING: (1) ACCORDING TO THE SURGEON GENERAL, WOMEN SHOULD NOT DRINK ALCOHOLIC BEVERAGES DURING PREGNANCY BECAUSE OF THE RISK OF BIRTH DEFECTS. (2) CONSUMPTION OF ALCOHOLIC BEVERAGES IMPAIRS YOUR ABILITY TO DRIVE A CAR OR OPERATE MACHINERY, AND MAY CAUSE HEALTH PROBLEMS.",tequila_review.png,NEEDS REVIEW
BATCH-COLA-2026-280,OAK & HOPS CRAFT IPA,BEER,6.5%,N/A,12 FL OZ,"OAK BREWING CO., PORTLAND, OR",PRODUCT OF USA,"GOVERNMENT WARNING: (1) ACCORDING TO THE SURGEON GENERAL, WOMEN SHOULD NOT DRINK ALCOHOLIC BEVERAGES DURING PREGNANCY BECAUSE OF THE RISK OF BIRTH DEFECTS. (2) CONSUMPTION OF ALCOHOLIC BEVERAGES IMPAIRS YOUR ABILITY TO DRIVE A CAR OR OPERATE MACHINERY, AND MAY CAUSE HEALTH PROBLEMS.",beer_reject.png,REJECT
BATCH-COLA-2026-281,HIGHLAND RESERVE,KENTUCKY STRAIGHT BOURBON WHISKEY,45.0%,90,750 ML,"HIGHLAND DISTILLING CO., LOUISVILLE, KY",PRODUCT OF USA,"GOVERNMENT WARNING: (1) ACCORDING TO THE SURGEON GENERAL, WOMEN SHOULD NOT DRINK ALCOHOLIC BEVERAGES DURING PREGNANCY BECAUSE OF THE RISK OF BIRTH DEFECTS. (2) CONSUMPTION OF ALCOHOLIC BEVERAGES IMPAIRS YOUR ABILITY TO DRIVE A CAR OR OPERATE MACHINERY, AND MAY CAUSE HEALTH PROBLEMS.",whiskey_pass.png,PASS
BATCH-COLA-2026-282,CHATEAU BELLEVIEW,RED WINE,14.8%,N/A,750 ML,"BELLEVIEW VINEYARDS, NAPA, CA",PRODUCT OF USA,"GOVERNMENT WARNING: (1) ACCORDING TO THE SURGEON GENERAL, WOMEN SHOULD NOT DRINK ALCOHOLIC BEVERAGES DURING PREGNANCY BECAUSE OF THE RISK OF BIRTH DEFECTS. (2) CONSUMPTION OF ALCOHOLIC BEVERAGES IMPAIRS YOUR ABILITY TO DRIVE A CAR OR OPERATE MACHINERY, AND MAY CAUSE HEALTH PROBLEMS.",wine_reject.png,REJECT
BATCH-COLA-2026-283,EL TEQUILEÑO REPOSADO,TEQUILA REPOSADO,40.0%,80,750 ML,"AGAVE REAL S.A. DE C.V., JALISCO",PRODUCT OF MEXICO,"GOVERNMENT WARNING: (1) ACCORDING TO THE SURGEON GENERAL, WOMEN SHOULD NOT DRINK ALCOHOLIC BEVERAGES DURING PREGNANCY BECAUSE OF THE RISK OF BIRTH DEFECTS. (2) CONSUMPTION OF ALCOHOLIC BEVERAGES IMPAIRS YOUR ABILITY TO DRIVE A CAR OR OPERATE MACHINERY, AND MAY CAUSE HEALTH PROBLEMS.",tequila_review.png,NEEDS REVIEW
BATCH-COLA-2026-284,OAK & HOPS CRAFT IPA,BEER,6.5%,N/A,12 FL OZ,"OAK BREWING CO., PORTLAND, OR",PRODUCT OF USA,"GOVERNMENT WARNING: (1) ACCORDING TO THE SURGEON GENERAL, WOMEN SHOULD NOT DRINK ALCOHOLIC BEVERAGES DURING PREGNANCY BECAUSE OF THE RISK OF BIRTH DEFECTS. (2) CONSUMPTION OF ALCOHOLIC BEVERAGES IMPAIRS YOUR ABILITY TO DRIVE A CAR OR OPERATE MACHINERY, AND MAY CAUSE HEALTH PROBLEMS.",beer_reject.png,REJECT
BATCH-COLA-2026-285,HIGHLAND RESERVE,KENTUCKY STRAIGHT BOURBON WHISKEY,45.0%,90,750 ML,"HIGHLAND DISTILLING CO., LOUISVILLE, KY",PRODUCT OF USA,"GOVERNMENT WARNING: (1) ACCORDING TO THE SURGEON GENERAL, WOMEN SHOULD NOT DRINK ALCOHOLIC BEVERAGES DURING PREGNANCY BECAUSE OF THE RISK OF BIRTH DEFECTS. (2) CONSUMPTION OF ALCOHOLIC BEVERAGES IMPAIRS YOUR ABILITY TO DRIVE A CAR OR OPERATE MACHINERY, AND MAY CAUSE HEALTH PROBLEMS.",whiskey_pass.png,PASS
BATCH-COLA-2026-286,CHATEAU BELLEVIEW,RED WINE,14.8%,N/A,750 ML,"BELLEVIEW VINEYARDS, NAPA, CA",PRODUCT OF USA,"GOVERNMENT WARNING: (1) ACCORDING TO THE SURGEON GENERAL, WOMEN SHOULD NOT DRINK ALCOHOLIC BEVERAGES DURING PREGNANCY BECAUSE OF THE RISK OF BIRTH DEFECTS. (2) CONSUMPTION OF ALCOHOLIC BEVERAGES IMPAIRS YOUR ABILITY TO DRIVE A CAR OR OPERATE MACHINERY, AND MAY CAUSE HEALTH PROBLEMS.",wine_reject.png,REJECT
BATCH-COLA-2026-287,EL TEQUILEÑO REPOSADO,TEQUILA REPOSADO,40.0%,80,750 ML,"AGAVE REAL S.A. DE C.V., JALISCO",PRODUCT OF MEXICO,"GOVERNMENT WARNING: (1) ACCORDING TO THE SURGEON GENERAL, WOMEN SHOULD NOT DRINK ALCOHOLIC BEVERAGES DURING PREGNANCY BECAUSE OF THE RISK OF BIRTH DEFECTS. (2) CONSUMPTION OF ALCOHOLIC BEVERAGES IMPAIRS YOUR ABILITY TO DRIVE A CAR OR OPERATE MACHINERY, AND MAY CAUSE HEALTH PROBLEMS.",tequila_review.png,NEEDS REVIEW
BATCH-COLA-2026-288,OAK & HOPS CRAFT IPA,BEER,6.5%,N/A,12 FL OZ,"OAK BREWING CO., PORTLAND, OR",PRODUCT OF USA,"GOVERNMENT WARNING: (1) ACCORDING TO THE SURGEON GENERAL, WOMEN SHOULD NOT DRINK ALCOHOLIC BEVERAGES DURING PREGNANCY BECAUSE OF THE RISK OF BIRTH DEFECTS. (2) CONSUMPTION OF ALCOHOLIC BEVERAGES IMPAIRS YOUR ABILITY TO DRIVE A CAR OR OPERATE MACHINERY, AND MAY CAUSE HEALTH PROBLEMS.",beer_reject.png,REJECT
BATCH-COLA-2026-289,HIGHLAND RESERVE,KENTUCKY STRAIGHT BOURBON WHISKEY,45.0%,90,750 ML,"HIGHLAND DISTILLING CO., LOUISVILLE, KY",PRODUCT OF USA,"GOVERNMENT WARNING: (1) ACCORDING TO THE SURGEON GENERAL, WOMEN SHOULD NOT DRINK ALCOHOLIC BEVERAGES DURING PREGNANCY BECAUSE OF THE RISK OF BIRTH DEFECTS. (2) CONSUMPTION OF ALCOHOLIC BEVERAGES IMPAIRS YOUR ABILITY TO DRIVE A CAR OR OPERATE MACHINERY, AND MAY CAUSE HEALTH PROBLEMS.",whiskey_pass.png,PASS
BATCH-COLA-2026-290,CHATEAU BELLEVIEW,RED WINE,14.8%,N/A,750 ML,"BELLEVIEW VINEYARDS, NAPA, CA",PRODUCT OF USA,"GOVERNMENT WARNING: (1) ACCORDING TO THE SURGEON GENERAL, WOMEN SHOULD NOT DRINK ALCOHOLIC BEVERAGES DURING PREGNANCY BECAUSE OF THE RISK OF BIRTH DEFECTS. (2) CONSUMPTION OF ALCOHOLIC BEVERAGES IMPAIRS YOUR ABILITY TO DRIVE A CAR OR OPERATE MACHINERY, AND MAY CAUSE HEALTH PROBLEMS.",wine_reject.png,REJECT
BATCH-COLA-2026-291,EL TEQUILEÑO REPOSADO,TEQUILA REPOSADO,40.0%,80,750 ML,"AGAVE REAL S.A. DE C.V., JALISCO",PRODUCT OF MEXICO,"GOVERNMENT WARNING: (1) ACCORDING TO THE SURGEON GENERAL, WOMEN SHOULD NOT DRINK ALCOHOLIC BEVERAGES DURING PREGNANCY BECAUSE OF THE RISK OF BIRTH DEFECTS. (2) CONSUMPTION OF ALCOHOLIC BEVERAGES IMPAIRS YOUR ABILITY TO DRIVE A CAR OR OPERATE MACHINERY, AND MAY CAUSE HEALTH PROBLEMS.",tequila_review.png,NEEDS REVIEW
BATCH-COLA-2026-292,OAK & HOPS CRAFT IPA,BEER,6.5%,N/A,12 FL OZ,"OAK BREWING CO., PORTLAND, OR",PRODUCT OF USA,"GOVERNMENT WARNING: (1) ACCORDING TO THE SURGEON GENERAL, WOMEN SHOULD NOT DRINK ALCOHOLIC BEVERAGES DURING PREGNANCY BECAUSE OF THE RISK OF BIRTH DEFECTS. (2) CONSUMPTION OF ALCOHOLIC BEVERAGES IMPAIRS YOUR ABILITY TO DRIVE A CAR OR OPERATE MACHINERY, AND MAY CAUSE HEALTH PROBLEMS.",beer_reject.png,REJECT
BATCH-COLA-2026-293,HIGHLAND RESERVE,KENTUCKY STRAIGHT BOURBON WHISKEY,45.0%,90,750 ML,"HIGHLAND DISTILLING CO., LOUISVILLE, KY",PRODUCT OF USA,"GOVERNMENT WARNING: (1) ACCORDING TO THE SURGEON GENERAL, WOMEN SHOULD NOT DRINK ALCOHOLIC BEVERAGES DURING PREGNANCY BECAUSE OF THE RISK OF BIRTH DEFECTS. (2) CONSUMPTION OF ALCOHOLIC BEVERAGES IMPAIRS YOUR ABILITY TO DRIVE A CAR OR OPERATE MACHINERY, AND MAY CAUSE HEALTH PROBLEMS.",whiskey_pass.png,PASS
BATCH-COLA-2026-294,CHATEAU BELLEVIEW,RED WINE,14.8%,N/A,750 ML,"BELLEVIEW VINEYARDS, NAPA, CA",PRODUCT OF USA,"GOVERNMENT WARNING: (1) ACCORDING TO THE SURGEON GENERAL, WOMEN SHOULD NOT DRINK ALCOHOLIC BEVERAGES DURING PREGNANCY BECAUSE OF THE RISK OF BIRTH DEFECTS. (2) CONSUMPTION OF ALCOHOLIC BEVERAGES IMPAIRS YOUR ABILITY TO DRIVE A CAR OR OPERATE MACHINERY, AND MAY CAUSE HEALTH PROBLEMS.",wine_reject.png,REJECT
BATCH-COLA-2026-295,EL TEQUILEÑO REPOSADO,TEQUILA REPOSADO,40.0%,80,750 ML,"AGAVE REAL S.A. DE C.V., JALISCO",PRODUCT OF MEXICO,"GOVERNMENT WARNING: (1) ACCORDING TO THE SURGEON GENERAL, WOMEN SHOULD NOT DRINK ALCOHOLIC BEVERAGES DURING PREGNANCY BECAUSE OF THE RISK OF BIRTH DEFECTS. (2) CONSUMPTION OF ALCOHOLIC BEVERAGES IMPAIRS YOUR ABILITY TO DRIVE A CAR OR OPERATE MACHINERY, AND MAY CAUSE HEALTH PROBLEMS.",tequila_review.png,NEEDS REVIEW
BATCH-COLA-2026-296,OAK & HOPS CRAFT IPA,BEER,6.5%,N/A,12 FL OZ,"OAK BREWING CO., PORTLAND, OR",PRODUCT OF USA,"GOVERNMENT WARNING: (1) ACCORDING TO THE SURGEON GENERAL, WOMEN SHOULD NOT DRINK ALCOHOLIC BEVERAGES DURING PREGNANCY BECAUSE OF THE RISK OF BIRTH DEFECTS. (2) CONSUMPTION OF ALCOHOLIC BEVERAGES IMPAIRS YOUR ABILITY TO DRIVE A CAR OR OPERATE MACHINERY, AND MAY CAUSE HEALTH PROBLEMS.",beer_reject.png,REJECT
BATCH-COLA-2026-297,HIGHLAND RESERVE,KENTUCKY STRAIGHT BOURBON WHISKEY,45.0%,90,750 ML,"HIGHLAND DISTILLING CO., LOUISVILLE, KY",PRODUCT OF USA,"GOVERNMENT WARNING: (1) ACCORDING TO THE SURGEON GENERAL, WOMEN SHOULD NOT DRINK ALCOHOLIC BEVERAGES DURING PREGNANCY BECAUSE OF THE RISK OF BIRTH DEFECTS. (2) CONSUMPTION OF ALCOHOLIC BEVERAGES IMPAIRS YOUR ABILITY TO DRIVE A CAR OR OPERATE MACHINERY, AND MAY CAUSE HEALTH PROBLEMS.",whiskey_pass.png,PASS
BATCH-COLA-2026-298,CHATEAU BELLEVIEW,RED WINE,14.8%,N/A,750 ML,"BELLEVIEW VINEYARDS, NAPA, CA",PRODUCT OF USA,"GOVERNMENT WARNING: (1) ACCORDING TO THE SURGEON GENERAL, WOMEN SHOULD NOT DRINK ALCOHOLIC BEVERAGES DURING PREGNANCY BECAUSE OF THE RISK OF BIRTH DEFECTS. (2) CONSUMPTION OF ALCOHOLIC BEVERAGES IMPAIRS YOUR ABILITY TO DRIVE A CAR OR OPERATE MACHINERY, AND MAY CAUSE HEALTH PROBLEMS.",wine_reject.png,REJECT
BATCH-COLA-2026-299,EL TEQUILEÑO REPOSADO,TEQUILA REPOSADO,40.0%,80,750 ML,"AGAVE REAL S.A. DE C.V., JALISCO",PRODUCT OF MEXICO,"GOVERNMENT WARNING: (1) ACCORDING TO THE SURGEON GENERAL, WOMEN SHOULD NOT DRINK ALCOHOLIC BEVERAGES DURING PREGNANCY BECAUSE OF THE RISK OF BIRTH DEFECTS. (2) CONSUMPTION OF ALCOHOLIC BEVERAGES IMPAIRS YOUR ABILITY TO DRIVE A CAR OR OPERATE MACHINERY, AND MAY CAUSE HEALTH PROBLEMS.",tequila_review.png,NEEDS REVIEW
BATCH-COLA-2026-300,OAK & HOPS CRAFT IPA,BEER,6.5%,N/A,12 FL OZ,"OAK BREWING CO., PORTLAND, OR",PRODUCT OF USA,"GOVERNMENT WARNING: (1) ACCORDING TO THE SURGEON GENERAL, WOMEN SHOULD NOT DRINK ALCOHOLIC BEVERAGES DURING PREGNANCY BECAUSE OF THE RISK OF BIRTH DEFECTS. (2) CONSUMPTION OF ALCOHOLIC BEVERAGES IMPAIRS YOUR ABILITY TO DRIVE A CAR OR OPERATE MACHINERY, AND MAY CAUSE HEALTH PROBLEMS.",beer_reject.png,REJECT
